Gene_Name	In_Degree	Out_Degree	Total_Degree
Solyc01g065540	0	13	13
Solyc12g010270	1	0	1
Solyc12g010250	1	0	1
Solyc11g068940	2	0	2
Solyc08g080690	7	0	7
Solyc08g065230	7	0	7
Solyc07g053900	5	0	5
Solyc07g043620	3	0	3
Solyc05g051060	5	0	5
Solyc05g009010	1	0	1
Solyc03g121540	3	0	3
Solyc03g031890	3	0	3
Solyc02g061790	3	0	3
Solyc01g094700	5	0	5
Solyc01g087990	1	16	17
Solyc12g008900	1	0	1
Solyc11g065090	1	0	1
Solyc11g040330	1	0	1
Solyc07g063650	1	0	1
Solyc07g049560	3	0	3
Solyc07g042260	2	0	2
Solyc07g041340	1	0	1
Solyc07g007890	1	0	1
Solyc07g006500	2	0	2
Solyc06g075450	2	0	2
Solyc06g069450	1	0	1
Solyc04g049800	1	0	1
Solyc03g083140	1	0	1
Solyc02g081330	1	0	1
Solyc02g069420	1	0	1
Solyc01g106460	1	0	1
Solyc01g095460	5	80	85
Solyc12g098850	7	0	7
Solyc12g006120	6	0	6
Solyc11g072840	2	0	2
Solyc11g012880	2	0	2
Solyc11g010170	6	0	6
Solyc10g085680	4	0	4
Solyc10g081040	9	0	9
Solyc10g055450	6	0	6
Solyc09g092130	9	0	9
Solyc09g091240	6	0	6
Solyc09g090930	1	0	1
Solyc09g074360	5	0	5
Solyc09g065630	5	0	5
Solyc09g064820	5	0	5
Solyc09g018790	5	0	5
Solyc09g011160	7	0	7
Solyc09g007990	8	0	8
Solyc09g005120	7	0	7
Solyc08g082590	12	0	12
Solyc08g076690	5	0	5
Solyc08g008550	4	0	4
Solyc07g065880	9	0	9
Solyc07g053170	4	0	4
Solyc07g053140	7	0	7
Solyc07g045140	7	0	7
Solyc06g083680	6	0	6
Solyc06g076140	5	0	5
Solyc06g075650	8	0	8
Solyc06g072050	4	0	4
Solyc06g071480	5	117	122
Solyc06g070900	5	67	72
Solyc06g068690	1	0	1
Solyc06g066090	5	0	5
Solyc06g060310	5	0	5
Solyc06g053830	6	0	6
Solyc05g052420	12	0	12
Solyc05g024020	3	0	3
Solyc05g018210	5	0	5
Solyc05g009150	10	0	10
Solyc04g081890	7	0	7
Solyc04g081810	5	0	5
Solyc04g079690	11	0	11
Solyc04g076020	2	0	2
Solyc04g054890	7	0	7
Solyc04g051690	6	0	6
Solyc04g008230	6	0	6
Solyc04g005830	3	0	3
Solyc04g005820	3	0	3
Solyc03g119450	4	0	4
Solyc03g118670	5	0	5
Solyc03g118620	7	0	7
Solyc03g117680	11	0	11
Solyc03g116750	5	0	5
Solyc03g114160	10	0	10
Solyc03g112930	4	117	121
Solyc03g083190	5	0	5
Solyc03g051770	6	0	6
Solyc03g025340	6	0	6
Solyc03g005770	3	0	3
Solyc02g093590	5	0	5
Solyc02g093190	6	0	6
Solyc02g091660	4	0	4
Solyc02g091010	5	0	5
Solyc02g089990	8	0	8
Solyc02g086300	4	0	4
Solyc02g023990	1	0	1
Solyc01g109870	6	0	6
Solyc01g109060	3	0	3
Solyc01g106280	10	0	10
Solyc01g105410	6	0	6
Solyc01g103170	7	0	7
Solyc01g095670	4	0	4
Solyc01g095200	6	0	6
Solyc01g094750	5	0	5
Solyc01g094720	9	0	9
Solyc01g088020	6	0	6
Solyc01g080160	6	0	6
Solyc01g067890	5	0	5
Solyc01g005640	5	0	5
Solyc01g102300	0	69	69
Solyc12g099400	2	0	2
Solyc12g088680	2	0	2
Solyc12g055930	4	0	4
Solyc11g056680	7	0	7
Solyc11g008250	2	0	2
Solyc10g086650	9	0	9
Solyc10g079880	5	0	5
Solyc10g007960	1	0	1
Solyc09g091370	2	0	2
Solyc09g082560	2	0	2
Solyc09g007830	3	0	3
Solyc08g082120	6	0	6
Solyc08g061980	3	0	3
Solyc08g005610	3	0	3
Solyc07g064080	4	0	4
Solyc07g061890	1	0	1
Solyc07g053450	3	0	3
Solyc07g026650	1	0	1
Solyc06g076390	5	0	5
Solyc06g074170	6	41	47
Solyc06g069600	6	0	6
Solyc06g035690	4	0	4
Solyc04g082000	8	0	8
Solyc04g080820	3	0	3
Solyc03g120170	9	0	9
Solyc03g119520	4	0	4
Solyc02g093220	5	0	5
Solyc02g092790	3	0	3
Solyc02g092670	1	0	1
Solyc02g090900	4	0	4
Solyc02g081340	4	0	4
Solyc02g078810	4	0	4
Solyc02g078460	5	0	5
Solyc02g063190	1	0	1
Solyc01g110550	2	0	2
Solyc01g108400	1	0	1
Solyc01g100980	4	0	4
Solyc01g099660	2	0	2
Solyc01g096510	2	0	2
Solyc01g103050	1	11	12
Solyc11g065040	1	0	1
Solyc10g051270	2	0	2
Solyc08g079790	2	0	2
Solyc08g075670	1	0	1
Solyc07g008190	9	0	9
Solyc06g066030	5	0	5
Solyc03g078650	1	0	1
Solyc03g008010	8	0	8
Solyc02g093130	6	0	6
Solyc02g092000	1	0	1
Solyc01g104760	1	19	20
Solyc11g017200	1	0	1
Solyc11g016940	1	0	1
Solyc11g012470	1	0	1
Solyc11g011490	1	0	1
Solyc11g008550	3	0	3
Solyc10g024320	1	0	1
Solyc09g091910	1	0	1
Solyc08g078810	2	0	2
Solyc08g066590	1	0	1
Solyc06g007610	1	0	1
Solyc05g026240	1	0	1
Solyc05g013780	1	0	1
Solyc05g012400	2	0	2
Solyc05g011940	3	0	3
Solyc05g008450	4	0	4
Solyc04g012180	1	0	1
Solyc03g117730	8	0	8
Solyc01g098540	2	0	2
Solyc01g007250	1	0	1
Solyc01g108080	0	12	12
Solyc08g080150	2	69	71
Solyc04g011610	4	0	4
Solyc02g089330	3	0	3
Solyc02g079850	2	0	2
Solyc02g077840	2	146	148
Solyc01g105980	4	0	4
Solyc01g088240	4	0	4
Solyc02g062950	0	85	85
Solyc11g068760	2	0	2
Solyc11g066370	2	0	2
Solyc11g011970	2	0	2
Solyc10g037900	1	0	1
Solyc08g074710	4	0	4
Solyc07g066350	6	0	6
Solyc07g041210	5	0	5
Solyc07g008880	2	0	2
Solyc06g068140	1	0	1
Solyc05g051380	1	0	1
Solyc05g005080	1	0	1
Solyc04g008090	4	0	4
Solyc03g097980	3	0	3
Solyc03g059360	1	0	1
Solyc02g090890	5	0	5
Solyc02g078160	2	0	2
Solyc02g077770	2	0	2
Solyc01g112060	1	0	1
Solyc12g099360	4	0	4
Solyc12g099280	6	0	6
Solyc12g096590	4	0	4
Solyc12g094510	7	0	7
Solyc12g089100	1	0	1
Solyc12g088290	3	0	3
Solyc12g042900	7	0	7
Solyc12g014290	8	0	8
Solyc12g014210	1	0	1
Solyc12g010900	6	0	6
Solyc12g010790	3	0	3
Solyc12g009610	1	0	1
Solyc12g009120	3	0	3
Solyc12g007200	2	0	2
Solyc12g007130	7	0	7
Solyc12g007110	7	0	7
Solyc12g007060	2	0	2
Solyc12g006220	1	0	1
Solyc11g072820	4	0	4
Solyc11g070030	4	0	4
Solyc11g069090	7	0	7
Solyc11g068900	8	0	8
Solyc11g068830	8	0	8
Solyc11g066730	3	0	3
Solyc11g066020	7	0	7
Solyc11g065220	5	0	5
Solyc11g019960	6	0	6
Solyc11g017300	9	0	9
Solyc11g013270	7	0	7
Solyc11g013030	4	0	4
Solyc11g011010	4	0	4
Solyc11g007720	3	0	3
Solyc11g006760	5	0	5
Solyc11g006700	3	0	3
Solyc11g005280	6	0	6
Solyc10g085410	5	0	5
Solyc10g083760	4	0	4
Solyc10g079500	5	0	5
Solyc10g054320	2	0	2
Solyc10g051340	7	0	7
Solyc10g045270	3	0	3
Solyc09g092070	5	0	5
Solyc09g091420	8	0	8
Solyc09g064840	8	0	8
Solyc09g059310	9	0	9
Solyc09g010650	6	0	6
Solyc09g009440	4	0	4
Solyc09g009140	7	0	7
Solyc09g005710	5	0	5
Solyc08g082020	2	0	2
Solyc08g079700	4	0	4
Solyc08g079590	4	0	4
Solyc08g078990	6	0	6
Solyc08g078320	6	0	6
Solyc08g078150	1	0	1
Solyc08g077450	5	0	5
Solyc08g075160	7	0	7
Solyc08g074410	2	0	2
Solyc08g061240	4	0	4
Solyc08g041890	2	0	2
Solyc08g023500	5	0	5
Solyc08g007330	1	0	1
Solyc08g007320	1	0	1
Solyc07g066190	6	0	6
Solyc07g065760	6	0	6
Solyc07g065470	5	0	5
Solyc07g064520	7	0	7
Solyc07g064340	5	0	5
Solyc07g064230	9	0	9
Solyc07g063900	5	0	5
Solyc07g054810	5	0	5
Solyc07g053580	5	0	5
Solyc07g042970	6	0	6
Solyc06g084510	3	0	3
Solyc06g083270	2	0	2
Solyc06g074050	4	0	4
Solyc06g073980	3	0	3
Solyc06g072830	5	0	5
Solyc06g071350	3	0	3
Solyc06g069520	8	0	8
Solyc06g062990	3	0	3
Solyc06g036780	2	0	2
Solyc06g007250	2	0	2
Solyc06g005800	3	0	3
Solyc05g055690	2	0	2
Solyc05g054840	1	0	1
Solyc05g054730	8	0	8
Solyc05g044620	7	0	7
Solyc05g012940	1	0	1
Solyc05g012480	4	0	4
Solyc05g009790	5	0	5
Solyc05g009350	5	0	5
Solyc05g007590	11	0	11
Solyc04g082690	7	0	7
Solyc04g082030	4	0	4
Solyc04g078390	7	0	7
Solyc04g077670	1	0	1
Solyc04g076290	5	0	5
Solyc04g074710	6	0	6
Solyc04g072230	6	0	6
Solyc04g072060	1	0	1
Solyc04g071920	5	0	5
Solyc04g071040	9	0	9
Solyc04g054170	7	0	7
Solyc04g008790	5	0	5
Solyc03g121870	6	0	6
Solyc03g121260	2	0	2
Solyc03g120090	3	0	3
Solyc03g111210	6	0	6
Solyc03g098200	10	0	10
Solyc03g083210	4	0	4
Solyc03g031950	7	0	7
Solyc03g007120	1	0	1
Solyc02g094580	1	0	1
Solyc02g091970	1	0	1
Solyc02g091410	4	0	4
Solyc02g090570	4	0	4
Solyc02g088660	5	0	5
Solyc02g088350	5	0	5
Solyc02g085520	9	0	9
Solyc02g083940	5	0	5
Solyc02g083800	2	0	2
Solyc02g082500	4	0	4
Solyc02g081210	6	0	6
Solyc02g079390	8	0	8
Solyc02g077730	6	0	6
Solyc02g067820	2	0	2
Solyc02g067670	4	0	4
Solyc02g063350	1	0	1
Solyc02g062910	10	0	10
Solyc02g037500	4	0	4
Solyc01g104490	1	0	1
Solyc01g095130	8	0	8
Solyc01g087720	2	0	2
Solyc01g010440	5	0	5
Solyc01g009850	1	0	1
Solyc01g005840	2	0	2
Solyc00g021630	1	0	1
Solyc00g014850	8	0	8
Solyc02g084350	3	32	35
Solyc12g100120	1	0	1
Solyc12g099470	1	0	1
Solyc12g099000	1	0	1
Solyc12g042600	1	0	1
Solyc11g008970	1	0	1
Solyc10g085340	4	0	4
Solyc10g085130	4	0	4
Solyc10g085010	1	0	1
Solyc10g044780	4	0	4
Solyc08g079530	3	0	3
Solyc08g077490	3	0	3
Solyc08g068070	2	0	2
Solyc08g007630	3	0	3
Solyc08g006020	2	17	19
Solyc06g060300	11	0	11
Solyc04g080500	2	0	2
Solyc04g079430	3	0	3
Solyc04g007510	8	0	8
Solyc04g005330	5	0	5
Solyc03g112380	1	0	1
Solyc02g093420	7	0	7
Solyc02g093050	1	0	1
Solyc02g079170	4	0	4
Solyc02g078610	2	0	2
Solyc02g070820	3	0	3
Solyc01g113620	1	0	1
Solyc01g110500	3	0	3
Solyc01g095220	3	0	3
Solyc01g087060	5	0	5
Solyc01g060260	6	0	6
Solyc02g085580	6	31	37
Solyc12g005340	4	0	4
Solyc11g072150	4	0	4
Solyc11g010350	4	0	4
Solyc09g082460	1	0	1
Solyc09g014450	4	0	4
Solyc08g080730	6	0	6
Solyc08g077280	4	0	4
Solyc08g076020	4	0	4
Solyc08g069140	4	0	4
Solyc06g066430	6	0	6
Solyc05g055080	2	0	2
Solyc04g081370	4	0	4
Solyc04g064810	8	0	8
Solyc04g056310	4	26	30
Solyc03g120990	2	0	2
Solyc03g119170	6	0	6
Solyc03g079940	3	0	3
Solyc02g090160	7	0	7
Solyc02g088590	3	0	3
Solyc02g081270	6	0	6
Solyc02g080520	4	0	4
Solyc02g079940	5	0	5
Solyc02g068080	4	0	4
Solyc01g110180	5	0	5
Solyc01g086870	4	0	4
Solyc01g080500	9	0	9
Solyc01g067900	4	0	4
Solyc02g086930	2	3	5
Solyc07g066560	2	0	2
Solyc06g007620	6	0	6
Solyc02g092570	1	0	1
Solyc02g090220	0	161	161
Solyc12g099790	3	0	3
Solyc12g098820	3	0	3
Solyc12g098810	2	0	2
Solyc12g098320	1	0	1
Solyc12g062250	2	0	2
Solyc12g027740	1	0	1
Solyc12g008550	2	0	2
Solyc11g069610	1	0	1
Solyc11g069270	2	0	2
Solyc11g068530	1	0	1
Solyc11g008080	4	0	4
Solyc10g086440	2	0	2
Solyc10g086120	6	0	6
Solyc10g085100	1	0	1
Solyc10g079600	1	0	1
Solyc10g079090	2	0	2
Solyc10g055620	1	0	1
Solyc10g044900	4	0	4
Solyc10g009210	3	0	3
Solyc10g007500	1	0	1
Solyc09g098240	1	0	1
Solyc09g089560	1	0	1
Solyc09g075580	2	0	2
Solyc09g074260	2	0	2
Solyc09g065930	1	0	1
Solyc09g065880	1	0	1
Solyc09g065640	1	0	1
Solyc09g063030	1	0	1
Solyc09g061430	6	0	6
Solyc09g055940	1	0	1
Solyc09g042260	1	0	1
Solyc09g013110	2	0	2
Solyc09g011740	1	0	1
Solyc09g011470	2	0	2
Solyc09g010940	1	0	1
Solyc09g010920	1	0	1
Solyc09g010780	6	0	6
Solyc09g009060	1	0	1
Solyc09g007180	4	0	4
Solyc08g082910	1	0	1
Solyc08g082870	1	0	1
Solyc08g077560	1	0	1
Solyc08g077270	3	0	3
Solyc08g066660	3	0	3
Solyc08g061270	2	0	2
Solyc08g016010	1	0	1
Solyc08g015620	1	0	1
Solyc08g008040	3	0	3
Solyc08g005260	3	14	17
Solyc07g065710	1	0	1
Solyc07g062950	3	0	3
Solyc07g062630	1	0	1
Solyc07g062260	1	0	1
Solyc07g056270	3	0	3
Solyc07g052690	4	0	4
Solyc07g047710	1	0	1
Solyc07g045470	1	0	1
Solyc07g042950	1	0	1
Solyc07g039380	1	0	1
Solyc07g025140	1	0	1
Solyc06g076470	2	0	2
Solyc06g075350	3	0	3
Solyc06g074030	1	0	1
Solyc06g072300	1	0	1
Solyc06g071420	1	0	1
Solyc06g066400	1	0	1
Solyc06g063410	3	0	3
Solyc06g053980	1	0	1
Solyc06g051840	2	315	317
Solyc06g005650	1	0	1
Solyc05g054870	3	0	3
Solyc05g047460	3	0	3
Solyc05g013560	4	0	4
Solyc05g012090	1	0	1
Solyc04g083160	1	0	1
Solyc04g082680	3	0	3
Solyc04g078840	4	94	98
Solyc04g072900	2	109	111
Solyc04g016370	1	0	1
Solyc04g015740	5	0	5
Solyc04g014610	1	0	1
Solyc04g008690	3	0	3
Solyc03g122300	6	0	6
Solyc03g120890	4	0	4
Solyc03g120120	3	0	3
Solyc03g118770	3	0	3
Solyc03g118740	1	0	1
Solyc03g117790	3	0	3
Solyc03g115950	1	0	1
Solyc03g113640	1	0	1
Solyc03g112600	3	0	3
Solyc03g111580	1	0	1
Solyc03g097630	1	0	1
Solyc03g093460	3	0	3
Solyc03g083350	1	0	1
Solyc03g083070	1	0	1
Solyc03g071750	1	0	1
Solyc03g033540	2	0	2
Solyc03g026240	1	0	1
Solyc03g026080	1	0	1
Solyc03g019800	3	0	3
Solyc03g006880	1	0	1
Solyc02g092360	1	0	1
Solyc02g090510	3	0	3
Solyc02g088620	3	0	3
Solyc02g088450	1	0	1
Solyc02g087960	1	0	1
Solyc02g087640	2	0	2
Solyc02g087620	1	0	1
Solyc02g086360	1	0	1
Solyc02g083120	1	0	1
Solyc02g082840	4	0	4
Solyc02g081190	1	0	1
Solyc02g078590	7	0	7
Solyc02g072140	3	0	3
Solyc02g071010	1	0	1
Solyc02g070940	1	0	1
Solyc02g068350	2	0	2
Solyc02g063330	1	0	1
Solyc02g021420	1	0	1
Solyc01g111610	1	0	1
Solyc01g109100	3	0	3
Solyc01g108010	1	0	1
Solyc01g102580	1	0	1
Solyc01g102310	1	0	1
Solyc01g101090	1	0	1
Solyc01g098930	3	0	3
Solyc01g096350	3	0	3
Solyc01g095770	1	0	1
Solyc01g095160	1	0	1
Solyc01g094620	1	0	1
Solyc01g088620	7	0	7
Solyc01g088160	3	0	3
Solyc01g088080	1	0	1
Solyc01g081540	5	0	5
Solyc01g081230	3	0	3
Solyc01g080180	1	0	1
Solyc01g079340	2	0	2
Solyc01g073910	3	0	3
Solyc01g057200	3	0	3
Solyc01g005960	3	0	3
Solyc02g092930	2	1	3
Solyc11g072070	5	0	5
Solyc03g026270	0	34	34
Solyc11g072160	2	0	2
Solyc10g085050	8	0	8
Solyc10g006360	6	0	6
Solyc10g006140	8	0	8
Solyc08g068050	6	0	6
Solyc07g065540	4	0	4
Solyc07g021700	6	0	6
Solyc06g076650	6	0	6
Solyc04g010200	3	0	3
Solyc03g081220	6	0	6
Solyc03g025610	2	0	2
Solyc02g093980	5	0	5
Solyc02g090760	7	0	7
Solyc02g083130	2	0	2
Solyc02g081030	4	0	4
Solyc01g098760	1	0	1
Solyc03g026280	0	61	61
Solyc12g049560	4	0	4
Solyc12g010390	3	0	3
Solyc11g070060	5	0	5
Solyc10g076580	2	0	2
Solyc10g006410	4	0	4
Solyc09g082800	2	0	2
Solyc08g076810	3	0	3
Solyc08g065850	5	0	5
Solyc08g062700	1	0	1
Solyc06g048470	4	0	4
Solyc04g082110	4	0	4
Solyc04g005160	2	0	2
Solyc03g123720	5	0	5
Solyc03g119270	1	0	1
Solyc03g098660	2	0	2
Solyc03g095780	4	0	4
Solyc03g033520	1	0	1
Solyc03g026220	1	0	1
Solyc02g089440	2	0	2
Solyc02g088170	2	0	2
Solyc02g078300	1	0	1
Solyc02g068750	5	0	5
Solyc01g109660	1	0	1
Solyc01g095700	3	0	3
Solyc03g093550	2	250	252
Solyc02g076730	6	0	6
Solyc02g069260	4	0	4
Solyc02g022870	2	0	2
Solyc01g105700	1	0	1
Solyc01g103490	3	0	3
Solyc01g102810	4	0	4
Solyc01g100750	2	0	2
Solyc01g100360	3	0	3
Solyc01g096210	2	0	2
Solyc01g094230	1	0	1
Solyc01g091940	3	0	3
Solyc01g091930	8	0	8
Solyc01g088630	7	0	7
Solyc01g079640	4	0	4
Solyc01g068480	3	0	3
Solyc01g057520	5	0	5
Solyc01g006980	2	0	2
Solyc01g005860	3	0	3
Solyc01g005020	1	0	1
Solyc12g098950	2	0	2
Solyc12g098790	4	0	4
Solyc12g088900	6	0	6
Solyc12g077540	3	12	15
Solyc12g044400	2	0	2
Solyc12g043020	5	0	5
Solyc12g017830	4	0	4
Solyc12g009240	1	171	172
Solyc12g005500	3	0	3
Solyc11g072410	3	0	3
Solyc11g068870	4	0	4
Solyc11g067280	2	0	2
Solyc11g042640	6	0	6
Solyc11g039910	1	0	1
Solyc11g039830	3	0	3
Solyc11g033280	2	0	2
Solyc11g020710	1	0	1
Solyc11g010560	3	0	3
Solyc11g007940	1	0	1
Solyc11g007770	5	0	5
Solyc11g005130	6	0	6
Solyc11g005050	7	0	7
Solyc10g085970	4	0	4
Solyc10g085490	1	0	1
Solyc10g084170	2	0	2
Solyc10g083180	2	0	2
Solyc10g080320	6	0	6
Solyc10g080080	1	0	1
Solyc10g080020	1	0	1
Solyc10g079850	4	0	4
Solyc10g054570	5	0	5
Solyc10g050890	5	0	5
Solyc10g050850	3	0	3
Solyc10g047640	4	142	146
Solyc10g045180	6	0	6
Solyc10g038130	1	0	1
Solyc10g008850	4	0	4
Solyc10g008800	1	0	1
Solyc09g097850	4	0	4
Solyc09g092100	2	0	2
Solyc09g091230	4	0	4
Solyc09g090830	2	0	2
Solyc09g090080	2	0	2
Solyc09g089740	3	0	3
Solyc09g076010	2	0	2
Solyc09g059460	5	0	5
Solyc09g011030	2	0	2
Solyc09g010840	2	0	2
Solyc08g082640	2	0	2
Solyc08g077990	3	0	3
Solyc08g075950	3	0	3
Solyc08g074520	3	0	3
Solyc08g067190	5	0	5
Solyc08g066760	1	0	1
Solyc08g066140	5	0	5
Solyc08g008170	4	0	4
Solyc08g007370	4	0	4
Solyc07g063510	3	0	3
Solyc07g041750	2	0	2
Solyc07g040940	2	0	2
Solyc07g020870	2	0	2
Solyc07g007210	2	0	2
Solyc07g006820	5	0	5
Solyc06g084470	5	0	5
Solyc06g083200	6	0	6
Solyc06g082990	8	0	8
Solyc06g082100	1	0	1
Solyc06g076050	2	0	2
Solyc06g076040	1	0	1
Solyc06g066610	3	0	3
Solyc06g060540	1	0	1
Solyc06g051660	2	0	2
Solyc05g054210	3	0	3
Solyc05g051340	3	0	3
Solyc05g026380	4	0	4
Solyc05g015500	2	0	2
Solyc05g009890	5	0	5
Solyc05g009320	2	0	2
Solyc05g008560	4	0	4
Solyc04g081530	2	0	2
Solyc04g081050	3	0	3
Solyc04g080380	5	0	5
Solyc04g078420	6	0	6
Solyc04g077940	3	0	3
Solyc04g077870	3	0	3
Solyc04g077130	3	0	3
Solyc04g076850	4	0	4
Solyc04g074280	2	0	2
Solyc04g071130	4	0	4
Solyc04g064860	2	0	2
Solyc04g064750	3	0	3
Solyc04g056280	2	0	2
Solyc04g050040	2	0	2
Solyc04g026220	4	0	4
Solyc04g016160	6	0	6
Solyc04g009720	1	0	1
Solyc04g008450	5	0	5
Solyc04g007700	1	0	1
Solyc03g119990	2	0	2
Solyc03g116990	5	0	5
Solyc03g114040	6	0	6
Solyc03g113750	4	0	4
Solyc03g111850	2	0	2
Solyc03g096830	4	0	4
Solyc03g033990	2	0	2
Solyc03g007180	5	0	5
Solyc03g007070	4	0	4
Solyc03g005310	6	0	6
Solyc02g093170	3	0	3
Solyc02g092080	3	0	3
Solyc02g090870	5	0	5
Solyc02g090180	3	0	3
Solyc02g089600	2	0	2
Solyc02g088770	5	0	5
Solyc02g087600	1	0	1
Solyc02g085810	1	0	1
Solyc02g082810	1	0	1
Solyc02g079380	6	0	6
Solyc02g077890	5	0	5
Solyc03g097120	0	33	33
Solyc12g099290	2	0	2
Solyc12g094420	2	0	2
Solyc12g035420	2	0	2
Solyc12g013820	1	0	1
Solyc11g066060	2	0	2
Solyc11g020610	6	0	6
Solyc11g013240	4	0	4
Solyc09g010630	3	0	3
Solyc08g080270	2	0	2
Solyc08g079260	2	0	2
Solyc07g054100	1	0	1
Solyc07g047790	1	0	1
Solyc07g042250	2	0	2
Solyc07g032110	2	0	2
Solyc07g006180	2	0	2
Solyc06g066790	3	0	3
Solyc06g036290	2	0	2
Solyc05g053470	2	0	2
Solyc03g123560	4	0	4
Solyc03g113250	2	0	2
Solyc03g097830	1	0	1
Solyc03g053000	2	0	2
Solyc02g082270	3	0	3
Solyc01g109420	3	0	3
Solyc01g090590	2	0	2
Solyc01g086740	3	0	3
Solyc12g077590	3	0	3
Solyc12g017850	2	0	2
Solyc12g017480	2	0	2
Solyc12g017370	2	0	2
Solyc12g014540	4	0	4
Solyc12g014330	2	0	2
Solyc12g010330	3	0	3
Solyc12g007180	3	15	18
Solyc11g067200	2	0	2
Solyc11g061980	2	0	2
Solyc11g030700	2	0	2
Solyc11g020230	2	0	2
Solyc11g018510	2	0	2
Solyc11g012040	3	0	3
Solyc11g010630	3	0	3
Solyc11g010460	2	0	2
Solyc10g085990	2	0	2
Solyc10g081570	2	0	2
Solyc10g081110	2	0	2
Solyc10g005340	2	0	2
Solyc09g091580	3	0	3
Solyc09g075500	5	0	5
Solyc09g059570	2	0	2
Solyc09g008650	2	0	2
Solyc08g082210	2	0	2
Solyc08g081830	2	0	2
Solyc08g068230	5	0	5
Solyc08g008030	2	0	2
Solyc07g066220	2	25	27
Solyc07g054220	4	281	285
Solyc07g026730	8	0	8
Solyc07g006490	2	0	2
Solyc06g082710	2	0	2
Solyc06g069460	2	34	36
Solyc06g068980	4	0	4
Solyc06g060350	5	0	5
Solyc06g054010	2	0	2
Solyc06g010240	5	0	5
Solyc05g051400	2	0	2
Solyc05g014240	3	0	3
Solyc05g012550	2	0	2
Solyc05g010060	2	0	2
Solyc04g081990	2	0	2
Solyc04g081100	3	0	3
Solyc04g080900	2	0	2
Solyc04g080300	2	0	2
Solyc04g071120	3	0	3
Solyc04g051820	2	0	2
Solyc03g113870	3	0	3
Solyc03g113580	3	0	3
Solyc03g082630	2	0	2
Solyc02g094530	2	0	2
Solyc02g089640	2	0	2
Solyc02g089320	5	0	5
Solyc02g084620	2	0	2
Solyc02g079190	2	0	2
Solyc02g078020	2	0	2
Solyc02g072030	2	0	2
Solyc02g071980	2	0	2
Solyc02g068120	3	0	3
Solyc02g063090	2	0	2
Solyc01g106870	2	0	2
Solyc01g094680	2	0	2
Solyc01g080880	3	0	3
Solyc01g057910	3	0	3
Solyc03g113760	1	57	58
Solyc12g056490	5	0	5
Solyc12g009820	2	0	2
Solyc11g071370	1	0	1
Solyc11g066790	1	0	1
Solyc10g018540	1	0	1
Solyc09g092510	1	0	1
Solyc09g064500	1	0	1
Solyc09g015930	1	0	1
Solyc08g082320	1	0	1
Solyc08g080080	1	0	1
Solyc07g065000	1	0	1
Solyc07g040980	1	0	1
Solyc07g008030	1	0	1
Solyc07g006050	1	0	1
Solyc07g006020	1	0	1
Solyc06g084080	1	0	1
Solyc05g009520	2	0	2
Solyc05g007450	3	0	3
Solyc05g005160	1	0	1
Solyc04g077460	3	0	3
Solyc04g063370	3	0	3
Solyc04g051700	3	0	3
Solyc03g120200	1	0	1
Solyc03g115790	1	0	1
Solyc03g114690	1	0	1
Solyc03g098250	2	0	2
Solyc02g086470	1	0	1
Solyc02g084000	1	0	1
Solyc02g080550	1	0	1
Solyc02g069070	1	0	1
Solyc02g068110	1	0	1
Solyc01g111550	1	0	1
Solyc01g105690	1	0	1
Solyc01g100030	1	0	1
Solyc01g096230	1	0	1
Solyc01g094820	1	0	1
Solyc03g121660	0	34	34
Solyc12g017970	2	0	2
Solyc06g034150	3	0	3
Solyc05g053000	2	0	2
Solyc04g072690	3	0	3
Solyc01g096140	2	0	2
Solyc04g005100	0	19	19
Solyc12g062860	1	0	1
Solyc11g010320	3	0	3
Solyc09g007790	4	0	4
Solyc07g052730	4	0	4
Solyc07g006240	3	0	3
Solyc06g082940	5	0	5
Solyc06g075500	1	0	1
Solyc06g054260	3	0	3
Solyc05g050710	4	0	4
Solyc04g055180	2	0	2
Solyc02g078750	4	0	4
Solyc01g080020	4	0	4
Solyc04g008870	0	29	29
Solyc12g017540	1	0	1
Solyc11g066870	2	0	2
Solyc11g066510	1	0	1
Solyc11g011190	1	0	1
Solyc10g081100	1	0	1
Solyc09g057580	1	0	1
Solyc08g079240	1	0	1
Solyc07g045310	1	0	1
Solyc05g009670	1	0	1
Solyc05g005180	3	0	3
Solyc03g110990	1	0	1
Solyc03g006540	1	0	1
Solyc01g090690	1	0	1
Solyc01g090140	2	0	2
Solyc01g080890	3	0	3
Solyc04g009950	0	28	28
Solyc12g099630	1	0	1
Solyc12g019100	1	0	1
Solyc11g062240	1	0	1
Solyc10g080740	1	0	1
Solyc10g038060	3	0	3
Solyc10g006860	2	0	2
Solyc09g065580	1	0	1
Solyc09g018850	1	0	1
Solyc08g066020	2	0	2
Solyc08g014010	2	0	2
Solyc07g047780	2	0	2
Solyc05g015420	1	0	1
Solyc04g081350	1	0	1
Solyc04g080390	3	0	3
Solyc04g009730	1	0	1
Solyc03g112370	1	0	1
Solyc03g006500	4	0	4
Solyc00g020020	2	0	2
Solyc00g020010	2	0	2
Solyc11g072470	5	0	5
Solyc11g066330	1	0	1
Solyc11g065000	2	0	2
Solyc10g006500	1	0	1
Solyc09g091390	3	0	3
Solyc09g074990	1	0	1
Solyc09g055570	1	0	1
Solyc08g007000	3	0	3
Solyc07g066270	1	0	1
Solyc06g071510	2	0	2
Solyc05g051460	3	0	3
Solyc05g006160	1	0	1
Solyc03g096880	2	0	2
Solyc02g094050	1	0	1
Solyc02g091300	1	0	1
Solyc02g091030	1	0	1
Solyc02g086430	3	0	3
Solyc02g071060	2	0	2
Solyc01g109570	1	0	1
Solyc01g094890	1	0	1
Solyc01g079550	1	0	1
Solyc12g089060	2	0	2
Solyc12g055750	3	0	3
Solyc11g061720	1	0	1
Solyc11g007360	2	0	2
Solyc10g080780	2	0	2
Solyc10g077100	2	0	2
Solyc10g011660	2	0	2
Solyc10g005490	3	0	3
Solyc09g065610	1	0	1
Solyc09g010430	1	0	1
Solyc09g007100	2	0	2
Solyc08g077430	3	0	3
Solyc08g059660	5	0	5
Solyc07g065600	3	0	3
Solyc07g052950	3	0	3
Solyc07g007650	3	0	3
Solyc06g084040	6	0	6
Solyc06g075690	2	0	2
Solyc06g069580	1	0	1
Solyc05g054240	3	0	3
Solyc05g047390	6	0	6
Solyc03g120810	3	0	3
Solyc03g118500	3	0	3
Solyc03g112990	4	0	4
Solyc03g098590	3	0	3
Solyc03g096290	1	0	1
Solyc03g080030	2	0	2
Solyc03g034300	1	0	1
Solyc03g019700	4	0	4
Solyc02g092480	3	0	3
Solyc02g077110	1	0	1
Solyc02g063380	3	0	3
Solyc02g030100	4	0	4
Solyc01g112160	4	0	4
Solyc01g112150	2	0	2
Solyc01g095140	2	0	2
Solyc01g090650	10	0	10
Solyc01g068000	3	0	3
Solyc00g020040	2	0	2
Solyc04g074170	0	94	94
Solyc12g096770	1	0	1
Solyc12g088320	1	0	1
Solyc12g057000	2	0	2
Solyc11g072080	2	0	2
Solyc11g069330	1	0	1
Solyc11g066890	1	0	1
Solyc11g020760	1	0	1
Solyc11g010120	1	0	1
Solyc11g005790	1	0	1
Solyc10g079750	3	0	3
Solyc10g078410	1	0	1
Solyc10g076790	1	0	1
Solyc10g011930	1	0	1
Solyc09g092440	1	0	1
Solyc09g091200	1	0	1
Solyc09g083050	1	0	1
Solyc09g075460	1	0	1
Solyc09g064200	5	0	5
Solyc08g083210	1	0	1
Solyc08g083190	1	0	1
Solyc08g081980	1	0	1
Solyc08g080320	1	0	1
Solyc08g079270	1	0	1
Solyc07g066150	2	0	2
Solyc07g063680	2	0	2
Solyc07g061880	1	0	1
Solyc07g053640	1	0	1
Solyc07g042390	1	0	1
Solyc07g006360	2	0	2
Solyc06g075670	1	0	1
Solyc06g069370	2	0	2
Solyc06g054660	1	0	1
Solyc06g053750	4	0	4
Solyc05g013040	1	0	1
Solyc04g082480	2	138	140
Solyc04g080730	1	0	1
Solyc04g080720	1	0	1
Solyc04g064760	1	0	1
Solyc04g064520	2	0	2
Solyc04g054320	2	0	2
Solyc04g016200	1	0	1
Solyc04g014990	2	0	2
Solyc04g014240	2	0	2
Solyc03g121400	1	0	1
Solyc03g115380	1	0	1
Solyc03g098300	1	0	1
Solyc02g093000	5	0	5
Solyc02g089050	4	0	4
Solyc02g083820	1	0	1
Solyc02g083110	2	0	2
Solyc02g081040	1	0	1
Solyc02g080810	2	0	2
Solyc02g067700	2	0	2
Solyc02g065660	1	0	1
Solyc01g108360	2	0	2
Solyc01g107670	1	0	1
Solyc01g096460	2	0	2
Solyc01g095320	3	0	3
Solyc01g008560	3	0	3
Solyc01g005390	1	0	1
Solyc04g077980	3	41	44
Solyc12g098510	2	0	2
Solyc12g014610	1	24	25
Solyc11g020730	1	0	1
Solyc11g020720	1	0	1
Solyc10g008540	3	0	3
Solyc09g010820	2	23	25
Solyc08g076830	2	0	2
Solyc08g068030	1	0	1
Solyc08g062770	1	0	1
Solyc07g007150	1	0	1
Solyc07g007060	1	0	1
Solyc06g084250	1	0	1
Solyc06g071170	2	0	2
Solyc06g060870	2	0	2
Solyc05g046320	1	0	1
Solyc04g071880	1	0	1
Solyc04g010260	1	0	1
Solyc03g120490	2	0	2
Solyc03g059030	1	0	1
Solyc03g026180	3	0	3
Solyc02g094570	1	0	1
Solyc02g081120	1	0	1
Solyc02g080670	1	0	1
Solyc02g079600	1	0	1
Solyc02g078520	1	0	1
Solyc02g064960	1	0	1
Solyc01g110360	1	0	1
Solyc01g008980	1	0	1
Solyc00g019950	2	0	2
Solyc04g078770	0	46	46
Solyc12g010940	1	0	1
Solyc11g020040	1	0	1
Solyc11g013820	1	0	1
Solyc10g084880	1	0	1
Solyc10g005610	1	0	1
Solyc09g091180	1	0	1
Solyc09g015000	1	0	1
Solyc08g082240	1	0	1
Solyc08g078790	1	0	1
Solyc06g036000	4	0	4
Solyc04g078600	1	0	1
Solyc04g064940	3	0	3
Solyc04g011440	1	0	1
Solyc03g120080	1	0	1
Solyc03g118750	2	0	2
Solyc03g078060	3	0	3
Solyc02g090130	1	0	1
Solyc02g070710	1	0	1
Solyc01g067230	4	0	4
Solyc12g009830	2	0	2
Solyc12g008710	4	0	4
Solyc10g080610	2	0	2
Solyc10g006400	1	0	1
Solyc04g076310	1	0	1
Solyc01g110110	3	0	3
Solyc12g099540	4	0	4
Solyc12g099240	2	0	2
Solyc12g094390	1	0	1
Solyc12g057040	1	0	1
Solyc12g056920	1	0	1
Solyc12g056530	1	0	1
Solyc12g055760	2	0	2
Solyc12g026430	1	0	1
Solyc12g014020	1	0	1
Solyc12g008940	1	0	1
Solyc12g006930	1	0	1
Solyc11g010610	2	0	2
Solyc11g007910	3	0	3
Solyc11g006400	2	0	2
Solyc11g005020	2	0	2
Solyc10g080690	1	0	1
Solyc10g079110	1	0	1
Solyc10g050860	1	0	1
Solyc10g047320	1	0	1
Solyc09g091450	1	0	1
Solyc09g090290	1	0	1
Solyc09g075560	4	0	4
Solyc09g065400	1	0	1
Solyc09g018730	1	0	1
Solyc08g067840	1	0	1
Solyc08g067370	3	0	3
Solyc08g067200	1	0	1
Solyc08g066040	3	0	3
Solyc08g062960	2	0	2
Solyc08g061880	3	0	3
Solyc07g053650	2	0	2
Solyc07g049320	1	0	1
Solyc07g047750	1	0	1
Solyc07g041760	1	0	1
Solyc07g032510	1	0	1
Solyc07g018000	1	0	1
Solyc07g008980	1	0	1
Solyc07g005770	1	0	1
Solyc06g071930	1	0	1
Solyc06g067910	2	0	2
Solyc06g066080	1	0	1
Solyc06g063300	1	0	1
Solyc06g062960	1	0	1
Solyc05g052560	4	0	4
Solyc05g052550	3	0	3
Solyc05g051520	1	0	1
Solyc05g012640	1	0	1
Solyc05g005790	1	0	1
Solyc05g005590	4	0	4
Solyc04g081130	1	0	1
Solyc04g071150	1	0	1
Solyc04g064550	1	0	1
Solyc04g056290	1	0	1
Solyc04g050550	2	0	2
Solyc04g050520	1	0	1
Solyc04g049890	1	0	1
Solyc04g049770	1	0	1
Solyc04g049380	1	0	1
Solyc04g011640	1	0	1
Solyc04g010140	2	0	2
Solyc04g009820	1	0	1
Solyc04g008700	1	0	1
Solyc04g005030	1	0	1
Solyc03g121010	1	0	1
Solyc03g118720	1	0	1
Solyc03g117520	1	0	1
Solyc03g115450	2	0	2
Solyc03g113740	2	0	2
Solyc03g098650	1	0	1
Solyc03g097170	1	0	1
Solyc03g095680	4	0	4
Solyc03g093410	1	0	1
Solyc03g059160	2	0	2
Solyc03g031680	1	0	1
Solyc03g031440	2	0	2
Solyc03g025440	1	0	1
Solyc03g005870	1	0	1
Solyc02g088430	1	0	1
Solyc02g087460	2	0	2
Solyc02g086710	2	0	2
Solyc02g082220	1	0	1
Solyc02g078580	3	0	3
Solyc02g071880	2	0	2
Solyc02g071590	1	0	1
Solyc02g068720	1	0	1
Solyc02g062010	1	0	1
Solyc02g036260	1	0	1
Solyc02g033030	1	0	1
Solyc01g108000	1	0	1
Solyc01g107200	2	0	2
Solyc01g102670	1	0	1
Solyc01g100810	1	0	1
Solyc01g099500	1	0	1
Solyc01g095000	1	0	1
Solyc01g094590	1	0	1
Solyc01g090710	1	0	1
Solyc01g020520	1	0	1
Solyc01g011100	1	0	1
Solyc01g006040	1	0	1
Solyc05g006650	0	96	96
Solyc12g006320	2	0	2
Solyc11g006180	1	0	1
Solyc10g085310	1	0	1
Solyc09g074470	2	0	2
Solyc08g075310	1	0	1
Solyc06g005360	1	0	1
Solyc05g018640	1	0	1
Solyc05g005150	5	0	5
Solyc04g077850	3	0	3
Solyc03g120040	2	0	2
Solyc03g117580	1	0	1
Solyc03g117570	2	0	2
Solyc03g116390	1	0	1
Solyc03g007810	1	0	1
Solyc02g085730	1	0	1
Solyc02g082440	1	0	1
Solyc01g066640	1	0	1
Solyc01g007110	1	0	1
Solyc05g007180	0	3	3
Solyc04g026020	1	0	1
Solyc01g010870	2	0	2
Solyc05g012500	0	22	22
Solyc12g038160	2	0	2
Solyc12g005840	3	0	3
Solyc11g045480	5	0	5
Solyc11g010680	2	0	2
Solyc06g076100	3	0	3
Solyc06g036420	4	0	4
Solyc05g018230	4	0	4
Solyc05g013500	3	0	3
Solyc04g071870	2	0	2
Solyc04g018080	1	0	1
Solyc03g119250	2	0	2
Solyc03g113940	2	0	2
Solyc02g080510	2	0	2
Solyc02g032800	2	0	2
Solyc01g098710	1	0	1
Solyc05g015840	0	5	5
Solyc09g074710	3	0	3
Solyc04g077140	2	0	2
Solyc03g116580	1	0	1
Solyc05g026180	0	41	41
Solyc11g011390	1	0	1
Solyc11g007160	1	0	1
Solyc09g098230	3	0	3
Solyc09g075970	2	0	2
Solyc09g074760	1	0	1
Solyc08g075150	1	0	1
Solyc08g062500	2	0	2
Solyc08g045850	2	0	2
Solyc07g042740	2	0	2
Solyc04g079740	2	0	2
Solyc04g076470	2	0	2
Solyc02g082080	1	0	1
Solyc02g032330	3	0	3
Solyc01g108250	2	0	2
Solyc01g102680	2	0	2
Solyc01g095370	2	0	2
Solyc01g091530	1	0	1
Solyc06g048630	0	52	52
Solyc12g044330	1	0	1
Solyc11g072120	2	0	2
Solyc11g068440	1	0	1
Solyc11g006960	1	0	1
Solyc10g080470	1	0	1
Solyc10g080460	1	0	1
Solyc10g078700	1	10	11
Solyc10g018780	1	12	13
Solyc09g098170	1	0	1
Solyc09g010680	2	0	2
Solyc08g079740	1	0	1
Solyc08g076960	2	0	2
Solyc08g013900	1	0	1
Solyc07g065120	1	0	1
Solyc07g053270	1	0	1
Solyc07g052660	1	0	1
Solyc07g043510	1	0	1
Solyc06g035920	2	0	2
Solyc04g076180	1	0	1
Solyc04g064580	2	0	2
Solyc03g112860	1	0	1
Solyc03g083970	2	0	2
Solyc03g007480	2	0	2
Solyc02g092110	1	0	1
Solyc02g091620	3	0	3
Solyc02g085460	1	0	1
Solyc02g079230	1	0	1
Solyc01g108610	2	0	2
Solyc01g096530	1	0	1
Solyc01g080290	1	0	1
Solyc01g079580	2	0	2
Solyc01g067120	1	0	1
Solyc12g095960	2	0	2
Solyc12g088940	1	0	1
Solyc12g062290	1	0	1
Solyc12g021130	1	0	1
Solyc11g072030	1	0	1
Solyc11g071800	1	0	1
Solyc11g066140	2	0	2
Solyc11g030730	1	0	1
Solyc11g006080	3	0	3
Solyc10g085800	2	0	2
Solyc10g085450	3	0	3
Solyc10g081350	2	93	95
Solyc10g080530	1	0	1
Solyc10g080130	1	0	1
Solyc10g049580	1	0	1
Solyc09g098530	1	0	1
Solyc09g090180	1	0	1
Solyc09g072970	1	0	1
Solyc09g018960	1	0	1
Solyc09g015830	2	0	2
Solyc09g011250	2	0	2
Solyc09g010570	1	0	1
Solyc09g009990	1	0	1
Solyc09g005870	1	0	1
Solyc08g079010	2	0	2
Solyc08g074660	2	0	2
Solyc08g067590	1	0	1
Solyc07g064280	3	0	3
Solyc07g056530	1	0	1
Solyc07g055130	2	0	2
Solyc07g049390	1	0	1
Solyc07g049190	1	0	1
Solyc07g017660	1	0	1
Solyc06g083250	3	0	3
Solyc06g067990	1	0	1
Solyc06g053310	1	0	1
Solyc06g050920	1	0	1
Solyc06g007780	1	0	1
Solyc05g053490	2	0	2
Solyc05g052720	2	0	2
Solyc05g010250	1	0	1
Solyc05g009400	3	0	3
Solyc05g009390	3	0	3
Solyc05g007830	1	0	1
Solyc05g006530	1	0	1
Solyc05g006120	1	0	1
Solyc05g005020	6	0	6
Solyc04g081280	1	0	1
Solyc04g080190	1	0	1
Solyc04g079230	1	0	1
Solyc04g076010	1	0	1
Solyc04g049660	1	0	1
Solyc04g009870	1	0	1
Solyc03g118570	1	0	1
Solyc03g117760	1	0	1
Solyc03g062830	1	0	1
Solyc03g005760	3	0	3
Solyc02g087010	2	0	2
Solyc02g067410	1	0	1
Solyc01g111160	1	0	1
Solyc01g108450	3	0	3
Solyc01g099770	1	0	1
Solyc01g098480	2	0	2
Solyc01g097380	2	0	2
Solyc01g089870	1	0	1
Solyc01g087910	2	0	2
Solyc01g008340	1	0	1
Solyc01g007890	2	0	2
Solyc06g053350	0	27	27
Solyc09g083260	1	0	1
Solyc09g011190	1	0	1
Solyc08g080360	1	0	1
Solyc06g084380	1	0	1
Solyc04g007460	1	0	1
Solyc03g119750	1	0	1
Solyc02g087880	2	0	2
Solyc06g065040	0	38	38
Solyc12g095840	1	0	1
Solyc12g094460	2	0	2
Solyc11g072890	1	0	1
Solyc09g005910	1	0	1
Solyc08g007210	1	0	1
Solyc08g006510	1	0	1
Solyc07g062040	2	0	2
Solyc07g055310	1	0	1
Solyc07g042520	2	0	2
Solyc07g008230	1	0	1
Solyc06g072220	1	0	1
Solyc06g061250	1	0	1
Solyc06g061010	1	0	1
Solyc06g053590	1	0	1
Solyc05g013030	1	0	1
Solyc04g049450	1	0	1
Solyc04g007010	1	0	1
Solyc04g005560	1	0	1
Solyc03g120680	1	0	1
Solyc03g114330	1	0	1
Solyc03g113010	1	0	1
Solyc03g098030	1	0	1
Solyc03g093610	1	0	1
Solyc03g026050	1	0	1
Solyc02g078500	4	0	4
Solyc02g070050	1	0	1
Solyc01g066680	1	0	1
Solyc12g038590	1	0	1
Solyc10g076830	1	0	1
Solyc09g015660	1	0	1
Solyc06g061030	1	0	1
Solyc05g006830	1	0	1
Solyc04g082660	1	0	1
Solyc04g056640	1	0	1
Solyc04g028580	1	0	1
Solyc03g113920	1	0	1
Solyc03g113720	1	0	1
Solyc03g095370	1	0	1
Solyc02g079640	1	0	1
Solyc02g078670	3	0	3
Solyc02g078210	1	0	1
Solyc02g077880	1	0	1
Solyc01g100290	1	0	1
Solyc01g086810	1	0	1
Solyc06g069880	1	0	1
Solyc05g013670	2	0	2
Solyc05g012450	2	0	2
Solyc05g006030	1	0	1
Solyc04g081490	2	0	2
Solyc04g055080	2	0	2
Solyc04g025180	2	0	2
Solyc03g119150	1	0	1
Solyc03g116590	1	0	1
Solyc02g093720	2	0	2
Solyc02g068490	1	0	1
Solyc01g099090	1	0	1
Solyc01g005690	2	0	2
Solyc12g006340	1	0	1
Solyc10g085620	3	0	3
Solyc09g064520	2	0	2
Solyc08g080900	2	0	2
Solyc08g075430	2	0	2
Solyc06g071230	0	28	28
Solyc10g006690	3	0	3
Solyc08g006010	2	0	2
Solyc07g062930	2	0	2
Solyc07g006000	1	0	1
Solyc01g091700	1	0	1
Solyc01g005540	1	0	1
Solyc12g056660	1	0	1
Solyc12g009800	1	0	1
Solyc10g085180	2	0	2
Solyc10g081930	4	0	4
Solyc10g081870	1	0	1
Solyc10g081390	2	0	2
Solyc10g080560	1	0	1
Solyc10g079830	1	0	1
Solyc10g054280	3	0	3
Solyc09g074940	1	0	1
Solyc08g081850	1	0	1
Solyc08g067830	1	0	1
Solyc07g063240	1	0	1
Solyc06g083710	1	0	1
Solyc06g083620	2	0	2
Solyc06g066500	1	0	1
Solyc06g035600	1	0	1
Solyc06g006080	1	0	1
Solyc05g050780	1	0	1
Solyc05g017790	1	0	1
Solyc03g124010	1	0	1
Solyc02g084540	1	0	1
Solyc01g111460	1	0	1
Solyc01g101120	1	0	1
Solyc01g096940	2	0	2
Solyc01g088690	1	0	1
Solyc01g086670	4	0	4
Solyc06g082430	0	180	180
Solyc12g096070	2	0	2
Solyc12g095990	1	0	1
Solyc11g073250	2	0	2
Solyc11g016990	2	0	2
Solyc11g006710	1	0	1
Solyc11g005720	1	0	1
Solyc10g080760	1	0	1
Solyc10g080090	1	0	1
Solyc10g008520	1	0	1
Solyc10g008440	1	0	1
Solyc08g077850	1	0	1
Solyc07g062780	1	0	1
Solyc07g019530	1	0	1
Solyc06g008700	1	0	1
Solyc06g005230	1	0	1
Solyc05g053730	1	0	1
Solyc05g013180	1	0	1
Solyc03g062650	1	0	1
Solyc03g044380	3	0	3
Solyc02g092390	1	0	1
Solyc02g085350	1	0	1
Solyc02g082100	1	0	1
Solyc02g078620	3	0	3
Solyc02g064650	1	0	1
Solyc02g064580	1	0	1
Solyc01g110030	1	0	1
Solyc01g106540	1	0	1
Solyc01g102690	1	0	1
Solyc01g096250	1	0	1
Solyc01g093990	1	0	1
Solyc01g068050	1	0	1
Solyc01g022740	1	0	1
Solyc07g026680	0	22	22
Solyc05g055600	1	0	1
Solyc05g054880	1	0	1
Solyc02g091470	1	0	1
Solyc07g053570	0	32	32
Solyc06g069100	1	0	1
Solyc05g009630	2	0	2
Solyc12g010110	1	0	1
Solyc11g068700	2	0	2
Solyc11g068680	1	0	1
Solyc11g066260	1	0	1
Solyc11g066100	1	0	1
Solyc11g065930	1	0	1
Solyc11g008900	1	0	1
Solyc11g008850	1	0	1
Solyc10g086070	2	0	2
Solyc10g076870	1	0	1
Solyc09g091160	1	0	1
Solyc09g074900	1	0	1
Solyc06g070980	1	0	1
Solyc06g065340	1	0	1
Solyc05g008120	1	0	1
Solyc04g078380	1	0	1
Solyc04g076480	1	0	1
Solyc04g074250	1	0	1
Solyc04g008860	1	0	1
Solyc03g112160	1	0	1
Solyc03g083430	1	0	1
Solyc03g083170	1	0	1
Solyc03g059400	1	0	1
Solyc02g090680	4	0	4
Solyc02g084590	1	0	1
Solyc02g078760	1	0	1
Solyc02g069910	1	0	1
Solyc01g110490	2	0	2
Solyc01g102460	1	0	1
Solyc01g091130	2	0	2
Solyc01g081420	1	0	1
Solyc07g063420	1	34	35
Solyc12g005470	2	0	2
Solyc09g091130	2	0	2
Solyc08g016510	2	0	2
Solyc06g075530	3	0	3
Solyc05g052410	1	0	1
Solyc03g118420	2	0	2
Solyc03g063370	1	0	1
Solyc02g092550	1	0	1
Solyc02g085560	2	0	2
Solyc02g014170	1	0	1
Solyc01g073780	2	0	2
Solyc12g009250	1	0	1
Solyc11g006030	1	0	1
Solyc10g084180	3	41	44
Solyc07g066460	1	0	1
Solyc07g056600	1	0	1
Solyc07g056400	1	0	1
Solyc07g048070	2	0	2
Solyc06g008720	1	0	1
Solyc04g078850	2	0	2
Solyc03g120450	1	0	1
Solyc12g044290	1	0	1
Solyc12g007140	2	0	2
Solyc09g091470	1	0	1
Solyc08g008310	1	0	1
Solyc07g062130	1	0	1
Solyc06g073160	1	0	1
Solyc06g068220	1	0	1
Solyc06g053620	2	0	2
Solyc05g018760	1	0	1
Solyc04g006970	2	0	2
Solyc03g098010	1	0	1
Solyc03g082510	1	0	1
Solyc02g084610	1	0	1
Solyc01g103970	1	0	1
Solyc08g061130	0	39	39
Solyc09g065020	1	0	1
Solyc07g017900	1	0	1
Solyc06g074730	1	0	1
Solyc06g061140	1	0	1
Solyc05g025590	1	0	1
Solyc01g109200	1	0	1
Solyc08g066510	0	28	28
Solyc12g044240	1	0	1
Solyc12g008490	1	0	1
Solyc11g072530	1	0	1
Solyc11g008610	1	0	1
Solyc08g014420	1	0	1
Solyc07g064620	1	0	1
Solyc07g008670	1	0	1
Solyc06g066730	3	0	3
Solyc06g053370	1	0	1
Solyc04g050170	2	0	2
Solyc04g025870	1	0	1
Solyc03g120270	2	0	2
Solyc03g118270	1	0	1
Solyc02g093770	1	0	1
Solyc02g085720	1	0	1
Solyc02g081290	1	0	1
Solyc08g077110	0	46	46
Solyc11g069710	1	0	1
Solyc11g006110	1	0	1
Solyc08g076120	1	0	1
Solyc03g119210	1	0	1
Solyc01g110680	1	0	1
Solyc01g110660	1	0	1
Solyc12g044300	1	0	1
Solyc12g014440	1	0	1
Solyc11g040150	1	0	1
Solyc11g022450	1	0	1
Solyc09g009810	1	0	1
Solyc07g020800	1	0	1
Solyc06g065190	1	0	1
Solyc06g059960	1	0	1
Solyc05g006880	1	0	1
Solyc04g082910	1	0	1
Solyc03g121050	1	0	1
Solyc03g112390	1	0	1
Solyc03g025150	1	0	1
Solyc02g087740	1	0	1
Solyc02g078120	2	0	2
Solyc01g095450	1	0	1
Solyc01g087200	1	0	1
Solyc08g081610	1	23	24
Solyc10g077020	1	0	1
Solyc09g031590	1	0	1
Solyc08g082790	1	0	1
Solyc07g063830	3	0	3
Solyc07g044830	1	0	1
Solyc07g009290	1	0	1
Solyc06g054490	1	0	1
Solyc05g051800	1	0	1
Solyc02g090450	1	0	1
Solyc02g082010	1	0	1
Solyc11g072400	1	0	1
Solyc10g078330	1	0	1
Solyc09g097860	1	0	1
Solyc09g009020	1	0	1
Solyc07g056250	1	0	1
Solyc07g053430	1	0	1
Solyc06g043150	1	0	1
Solyc05g013730	1	0	1
Solyc04g082430	1	0	1
Solyc04g081450	1	0	1
Solyc03g096870	1	0	1
Solyc02g088830	1	0	1
Solyc02g082820	1	0	1
Solyc02g062240	1	0	1
Solyc01g107260	1	0	1
Solyc12g010980	1	0	1
Solyc10g085590	1	0	1
Solyc08g083230	1	0	1
Solyc05g021570	1	0	1
Solyc03g063060	1	0	1
Solyc02g082770	1	0	1
Solyc01g097860	1	0	1
Solyc12g098980	1	0	1
Solyc12g088650	1	0	1
Solyc12g035360	1	0	1
Solyc12g035250	1	0	1
Solyc12g011410	2	0	2
Solyc12g010480	1	0	1
Solyc12g009940	1	0	1
Solyc12g007240	2	0	2
Solyc12g006660	2	0	2
Solyc12g005430	1	0	1
Solyc11g069320	2	0	2
Solyc11g040300	1	0	1
Solyc11g017310	1	0	1
Solyc11g013380	1	0	1
Solyc11g006040	1	0	1
Solyc10g085920	1	0	1
Solyc10g084810	1	0	1
Solyc10g054080	2	0	2
Solyc10g011700	1	0	1
Solyc09g074450	1	0	1
Solyc09g065030	1	0	1
Solyc09g059440	1	0	1
Solyc09g009970	1	0	1
Solyc09g007750	1	0	1
Solyc09g005260	1	0	1
Solyc08g081990	1	0	1
Solyc08g080510	1	0	1
Solyc08g077480	1	0	1
Solyc08g065760	1	0	1
Solyc08g014430	1	0	1
Solyc07g017430	1	0	1
Solyc06g082980	1	0	1
Solyc06g075170	1	0	1
Solyc06g071950	1	0	1
Solyc06g071130	1	0	1
Solyc06g066740	2	0	2
Solyc06g054240	1	0	1
Solyc06g051010	1	0	1
Solyc05g055530	1	0	1
Solyc05g050730	1	0	1
Solyc05g014200	1	0	1
Solyc05g008000	1	0	1
Solyc05g005000	1	0	1
Solyc04g081300	1	0	1
Solyc04g058200	1	0	1
Solyc04g049940	1	0	1
Solyc04g014710	1	0	1
Solyc04g010090	1	0	1
Solyc03g118180	2	0	2
Solyc03g115850	1	0	1
Solyc03g115440	1	0	1
Solyc03g115390	2	0	2
Solyc03g114240	2	0	2
Solyc03g114090	1	0	1
Solyc03g110880	1	0	1
Solyc03g083570	1	0	1
Solyc03g082680	1	0	1
Solyc03g082520	1	0	1
Solyc03g078020	1	0	1
Solyc02g083750	2	0	2
Solyc02g081650	2	0	2
Solyc02g078220	1	0	1
Solyc02g036470	1	0	1
Solyc02g036300	2	0	2
Solyc01g111680	2	0	2
Solyc01g110350	1	0	1
Solyc01g080280	1	0	1
Solyc01g068260	1	0	1
Solyc01g068200	1	0	1
Solyc01g006890	1	0	1
Solyc12g040800	1	0	1
Solyc05g041420	1	0	1
Solyc04g045590	1	0	1
Solyc02g091580	1	0	1
Solyc02g076780	1	0	1
Solyc02g068060	1	0	1
Solyc06g074220	1	0	1
Solyc03g113730	1	0	1
Solyc03g026290	1	0	1
Solyc02g063130	1	0	1
Solyc10g083890	1	0	1
Solyc06g061200	1	0	1
Solyc03g112300	1	0	1
Solyc01g005380	1	0	1
Solyc12g006800	0	6	6
Solyc02g084290	1	0	1
Solyc01g109250	1	0	1
Solyc10g009350	1	0	1
Solyc09g064800	1	0	1
Solyc09g008840	1	0	1
Solyc07g006320	1	0	1
Solyc06g059810	1	0	1
Solyc05g011830	1	0	1
Solyc01g009380	1	0	1
Solyc10g047260	1	0	1
Solyc08g082480	1	0	1
Solyc06g059750	1	0	1
Solyc04g078460	1	0	1
Solyc04g077660	1	0	1
Solyc03g116000	1	0	1
Solyc02g091100	1	0	1
Solyc02g086750	1	0	1
Solyc02g079200	1	0	1
Solyc01g112260	1	0	1
Solyc01g008930	1	0	1
Solyc09g013140	1	0	1
Solyc07g008890	1	0	1
Solyc03g118540	1	0	1
Solyc12g042890	1	0	1
Solyc10g081480	1	0	1
Solyc09g018310	1	0	1
Solyc03g007170	1	0	1
Solyc01g081510	1	0	1
Solyc01g010310	1	0	1
Solyc12g056510	0	11	11
Solyc11g017460	1	0	1
Solyc09g075960	1	0	1
Solyc03g115400	1	0	1
Solyc12g099370	0	56	56
Solyc12g095880	1	0	1
Solyc12g089240	1	0	1
Solyc11g068360	1	0	1
Solyc11g066800	1	0	1
Solyc11g011240	1	0	1
Solyc10g080480	1	0	1
Solyc10g039290	1	0	1
Solyc09g005830	1	0	1
Solyc07g062590	1	0	1
Solyc07g005520	1	0	1
Solyc06g072870	1	0	1
Solyc06g005630	1	0	1
Solyc03g034150	1	0	1
Solyc03g025510	1	0	1
Solyc02g087090	1	0	1
Solyc01g057430	1	0	1
Solyc01g006370	1	0	1
