OLN	gene.description	Family	Gene_Name	stats_Pinfestans	stats_Cfulvum	stats_PSTVd_S23	stats_PSTVd_M	stats_Bcinerea	stats_Mincognita_7dpi	stats_Mincognita_14dpi	Pinfestans_acts	Cfulvum_acts	PSTVd_S23_acts	PSTVd_M_acts	Bcinerea_acts	Mincognita_7dpi_acts	Mincognita_14dpi_acts	Pinfestans_pval	Cfulvum_pval	PSTVd_S23_pval	PSTVd_M_pval	Bcinerea_pval	Mincognita_7dpi_pval	Mincognita_14dpi_pval	Groups	Clusters	Gene	MegaCluster
Solyc01g065540	Two-component response regulator (AHRD V3.3 *** A0A2G3DGB4_CAPCH)	ARR-B	mRNA:Solyc01g065540.3.1	-4.45509468446153	0.180275973505066	-1.75011871538846	-1.42672641118548	-2.65671658574339	1.48822659923077	-0.471908074844261	-0.23314704	-0.016132006	-0.7564255	-0.028393175	0.72348124	0.2691778	0.15605414	0.8156739751047003	0.987130883248792	0.4494939991653965	0.9773517429386408	0.469479124424807	0.787823994366697	0.8760080029984815		0	Solyc01g065540	1.0
Solyc01g065540	Two-component response regulator (AHRD V3.3 *** A0A2G3DGB4_CAPCH)	ARR-B	mRNA:Solyc01g065540.3.1	-4.45509468446153	0.180275973505066	-1.75011871538846	-1.42672641118548	-2.65671658574339	1.48822659923077	-0.471908074844261	-0.23314704	-0.016132006	-0.7564255	-0.028393175	0.72348124	0.2691778	0.15605414	0.8156739751047003	0.987130883248792	0.4494939991653965	0.9773517429386408	0.469479124424807	0.787823994366697	0.8760080029984815		2	Solyc01g065540	1.0
Solyc01g087990	MADS-box transcription factor (AHRD V3.3 *** Q75V01_9ASPA)	MIKC_MADS	mRNA:Solyc01g087990.3.1	4.22155908951027	1.44422592278133	-4.22418283345173	-2.1882235114213	10.7988382441011	11.2642342385651	5.25311504454549	-1.537193	-0.7279048	0.4246064	0.58001834	0.3014853	-0.4305676	-0.6281631	0.1244233982998671	0.466767389181608	0.6711748181937169	0.5619754938427055	0.7630795946493396	0.6668348204486879	0.5299775047337366		0	Solyc01g087990	1.0
Solyc01g087990	MADS-box transcription factor (AHRD V3.3 *** Q75V01_9ASPA)	MIKC_MADS	mRNA:Solyc01g087990.3.1	4.22155908951027	1.44422592278133	-4.22418283345173	-2.1882235114213	10.7988382441011	11.2642342385651	5.25311504454549	-1.537193	-0.7279048	0.4246064	0.58001834	0.3014853	-0.4305676	-0.6281631	0.1244233982998671	0.466767389181608	0.6711748181937169	0.5619754938427055	0.7630795946493396	0.6668348204486879	0.5299775047337366		2	Solyc01g087990	1.0
Solyc01g095460	Common plant regulatory factor.1	bZIP	mRNA:Solyc01g095460.3.1	5.34749634947618	0.349681715654322	0.460055907909551	4.69262597690315	-9.24177438508552	-1.46166381886461	-0.264977225852243	-1.1325898	-3.4584143	1.0310466	1.3687421	-4.2593174	-2.2964501	-0.09364092	0.2575387436547875	0.0005561279457259	0.3026587107058886	0.1712522224572971	2.157322597947745e-05	0.0217655681183319	0.9254049151317408	Cfulvum_pval & Bcinerea_pval & Mincognita_7dpi_pval	3	Solyc01g095460	1.0
Solyc01g095460	Common plant regulatory factor.1	bZIP	mRNA:Solyc01g095460.3.1	5.34749634947618	0.349681715654322	0.460055907909551	4.69262597690315	-9.24177438508552	-1.46166381886461	-0.264977225852243	-1.1325898	-3.4584143	1.0310466	1.3687421	-4.2593174	-2.2964501	-0.09364092	0.2575387436547875	0.0005561279457259	0.3026587107058886	0.1712522224572971	2.157322597947745e-05	0.0217655681183319	0.9254049151317408	Cfulvum_pval & Bcinerea_pval & Mincognita_7dpi_pval	5	Solyc01g095460	1.0
Solyc01g102300	bHLH transcription factor 006	bHLH	mRNA:Solyc01g102300.3.1	1.88330684003103	-3.50440769816763	1.28575102949006	-0.774195429212739	-2.61921224652263	-0.49541054774084	6.13316022466605	0.17881885	-2.068097	-0.9554584	-0.48193705	-1.4472659	-1.1746689	-1.5440441	0.8581002468990995	0.0387747250959813	0.3394753800556438	0.629909781090239	0.1479981666831451	0.2402839699608669	0.1227549972550204	Cfulvum_pval	0	Solyc01g102300	1.0
Solyc01g102300	bHLH transcription factor 006	bHLH	mRNA:Solyc01g102300.3.1	1.88330684003103	-3.50440769816763	1.28575102949006	-0.774195429212739	-2.61921224652263	-0.49541054774084	6.13316022466605	0.17881885	-2.068097	-0.9554584	-0.48193705	-1.4472659	-1.1746689	-1.5440441	0.8581002468990995	0.0387747250959813	0.3394753800556438	0.629909781090239	0.1479981666831451	0.2402839699608669	0.1227549972550204	Cfulvum_pval	2	Solyc01g102300	1.0
Solyc01g102300	bHLH transcription factor 006	bHLH	mRNA:Solyc01g102300.3.1	1.88330684003103	-3.50440769816763	1.28575102949006	-0.774195429212739	-2.61921224652263	-0.49541054774084	6.13316022466605	0.17881885	-2.068097	-0.9554584	-0.48193705	-1.4472659	-1.1746689	-1.5440441	0.8581002468990995	0.0387747250959813	0.3394753800556438	0.629909781090239	0.1479981666831451	0.2402839699608669	0.1227549972550204	Cfulvum_pval	3	Solyc01g102300	1.0
Solyc01g102300	bHLH transcription factor 006	bHLH	mRNA:Solyc01g102300.3.1	1.88330684003103	-3.50440769816763	1.28575102949006	-0.774195429212739	-2.61921224652263	-0.49541054774084	6.13316022466605	0.17881885	-2.068097	-0.9554584	-0.48193705	-1.4472659	-1.1746689	-1.5440441	0.8581002468990995	0.0387747250959813	0.3394753800556438	0.629909781090239	0.1479981666831451	0.2402839699608669	0.1227549972550204	Cfulvum_pval	5	Solyc01g102300	1.0
Solyc01g103050	Auxin Response Factor 1	ARF	mRNA:Solyc01g103050.3.1	-1.67201698940475	1.73062158477251	4.83724714211887	4.50753171228583	-0.539530271374784	-5.23664734560379	-1.99975436153472	-1.4599746	-2.2880647	-0.44591546	0.036439124	-1.9456236	1.3804404	-0.19575378	0.1444731091984559	0.0222502532853554	0.6557124248855978	0.9709362947638808	0.0518568401210849	0.1676240370069455	0.8448251792308856	Cfulvum_pval	7	Solyc01g103050	2.0
Solyc01g104760	Sequence-specific DNA binding transcription factor (AHRD V3.3 *** A0A2K3PC30_TRIPR)	Trihelix	mRNA:Solyc01g104760.2.1	3.28301201726847	1.72545789500516	-2.32972218149417	-1.20010291843185	4.79869553505065	-4.38465873991039	-0.0675179227026878	-0.9607021	1.4309603	-1.34166	-1.6572936	-0.18653965	-1.8282429	-1.9062264	0.3368321510740125	0.1526167321703029	0.1798770026536969	0.0976359650806803	0.8520427975075381	0.0676800147265622	0.0567813873256029		0	Solyc01g104760	1.0
Solyc01g104760	Sequence-specific DNA binding transcription factor (AHRD V3.3 *** A0A2K3PC30_TRIPR)	Trihelix	mRNA:Solyc01g104760.2.1	3.28301201726847	1.72545789500516	-2.32972218149417	-1.20010291843185	4.79869553505065	-4.38465873991039	-0.0675179227026878	-0.9607021	1.4309603	-1.34166	-1.6572936	-0.18653965	-1.8282429	-1.9062264	0.3368321510740125	0.1526167321703029	0.1798770026536969	0.0976359650806803	0.8520427975075381	0.0676800147265622	0.0567813873256029		2	Solyc01g104760	1.0
Solyc01g108080	ABSCISIC ACID-INSENSITIVE 5-like protein 7 (AHRD V3.3 *** A0A2G3BV73_CAPCH)	bZIP	mRNA:Solyc01g108080.4.1	5.51889764850305	0.220491815441549	6.03856708548446	4.9076186204571	-0.190828408576304	-10.6877432525461	-1.05154458329299	0.0016325219	0.032589223	1.2012453	0.74889827	-1.0518122	-2.7310674	1.4507517	0.9986976191127108	0.9740058093960584	0.2298155115621903	0.454017250926793	0.2930281796129982	0.0063751076910498	0.1470248226833108	Mincognita_7dpi_pval	3	Solyc01g108080	1.0
Solyc01g108080	ABSCISIC ACID-INSENSITIVE 5-like protein 7 (AHRD V3.3 *** A0A2G3BV73_CAPCH)	bZIP	mRNA:Solyc01g108080.4.1	5.51889764850305	0.220491815441549	6.03856708548446	4.9076186204571	-0.190828408576304	-10.6877432525461	-1.05154458329299	0.0016325219	0.032589223	1.2012453	0.74889827	-1.0518122	-2.7310674	1.4507517	0.9986976191127108	0.9740058093960584	0.2298155115621903	0.454017250926793	0.2930281796129982	0.0063751076910498	0.1470248226833108	Mincognita_7dpi_pval	5	Solyc01g108080	1.0
Solyc02g062950	G-box binding	bZIP	mRNA:Solyc02g062950.3.1	-3.93265519239988	-1.71463703391141	2.43548470325924	1.48015878021916	-8.0919509497788	-11.1863559886131	-1.70961850212671	-0.83214414	-2.4224627	0.75185674	0.25254908	-3.4513252	-2.7834253	-0.101566136	0.4054389628416527	0.0155147441854573	0.452236391197348	0.8006457751220226	0.0005708432789367	0.0054355378423888	0.9191124736006988	Cfulvum_pval & Bcinerea_pval & Mincognita_7dpi_pval	3	Solyc02g062950	1.0
Solyc02g062950	G-box binding	bZIP	mRNA:Solyc02g062950.3.1	-3.93265519239988	-1.71463703391141	2.43548470325924	1.48015878021916	-8.0919509497788	-11.1863559886131	-1.70961850212671	-0.83214414	-2.4224627	0.75185674	0.25254908	-3.4513252	-2.7834253	-0.101566136	0.4054389628416527	0.0155147441854573	0.452236391197348	0.8006457751220226	0.0005708432789367	0.0054355378423888	0.9191124736006988	Cfulvum_pval & Bcinerea_pval & Mincognita_7dpi_pval	5	Solyc02g062950	1.0
Solyc02g077840	Ethylene-responsive transcription factor 4 (AHRD V3.3 *-* A0A2G3D5H4_CAPCH)	ERF	mRNA:Solyc02g077840.2.1	-5.5243338432811	2.76635778977762	2.54706550126093	4.09341688931093	-1.17415660290909	-1.19003894389221	2.99421122512509	3.0585313	2.0344052	2.171285	1.2260208	3.896799	2.3341498	2.4351833	0.002257327874312	0.0420583903641564	0.0300410666389741	0.2203526511391568	0.0001010734535252	0.019698379577977	0.0149816473908389	Pinfestans_pval & Cfulvum_pval & PSTVd_S23_pval & Bcinerea_pval & Mincognita_7dpi_pval & Mincognita_14dpi_pval	3	Solyc02g077840	1.0
Solyc02g077840	Ethylene-responsive transcription factor 4 (AHRD V3.3 *-* A0A2G3D5H4_CAPCH)	ERF	mRNA:Solyc02g077840.2.1	-5.5243338432811	2.76635778977762	2.54706550126093	4.09341688931093	-1.17415660290909	-1.19003894389221	2.99421122512509	3.0585313	2.0344052	2.171285	1.2260208	3.896799	2.3341498	2.4351833	0.002257327874312	0.0420583903641564	0.0300410666389741	0.2203526511391568	0.0001010734535252	0.019698379577977	0.0149816473908389	Pinfestans_pval & Cfulvum_pval & PSTVd_S23_pval & Bcinerea_pval & Mincognita_7dpi_pval & Mincognita_14dpi_pval	5	Solyc02g077840	1.0
Solyc02g084350	NAC domain-containing protein (AHRD V3.3 *** A0A2K3PFA3_TRIPR)	NAC	mRNA:Solyc02g084350.3.1	-2.07693662890601	1.13014706500365	-2.16638595114971	-0.958448032409559	-0.809605894022343	3.68474996362685	4.89717472345084	-0.8442685	2.9517183	0.54896957	0.15128288	0.14846724	0.46939176	0.9303552	0.3986325809939202	0.0032013617538168	0.5830950346053735	0.879769680366616	0.8819908149985656	0.6388469958734904	0.3523130833464822	Cfulvum_pval	0	Solyc02g084350	1.0
Solyc02g084350	NAC domain-containing protein (AHRD V3.3 *** A0A2K3PFA3_TRIPR)	NAC	mRNA:Solyc02g084350.3.1	-2.07693662890601	1.13014706500365	-2.16638595114971	-0.958448032409559	-0.809605894022343	3.68474996362685	4.89717472345084	-0.8442685	2.9517183	0.54896957	0.15128288	0.14846724	0.46939176	0.9303552	0.3986325809939202	0.0032013617538168	0.5830950346053735	0.879769680366616	0.8819908149985656	0.6388469958734904	0.3523130833464822	Cfulvum_pval	2	Solyc02g084350	1.0
Solyc02g084350	NAC domain-containing protein (AHRD V3.3 *** A0A2K3PFA3_TRIPR)	NAC	mRNA:Solyc02g084350.3.1	-2.07693662890601	1.13014706500365	-2.16638595114971	-0.958448032409559	-0.809605894022343	3.68474996362685	4.89717472345084	-0.8442685	2.9517183	0.54896957	0.15128288	0.14846724	0.46939176	0.9303552	0.3986325809939202	0.0032013617538168	0.5830950346053735	0.879769680366616	0.8819908149985656	0.6388469958734904	0.3523130833464822	Cfulvum_pval	3	Solyc02g084350	1.0
Solyc02g084350	NAC domain-containing protein (AHRD V3.3 *** A0A2K3PFA3_TRIPR)	NAC	mRNA:Solyc02g084350.3.1	-2.07693662890601	1.13014706500365	-2.16638595114971	-0.958448032409559	-0.809605894022343	3.68474996362685	4.89717472345084	-0.8442685	2.9517183	0.54896957	0.15128288	0.14846724	0.46939176	0.9303552	0.3986325809939202	0.0032013617538168	0.5830950346053735	0.879769680366616	0.8819908149985656	0.6388469958734904	0.3523130833464822	Cfulvum_pval	5	Solyc02g084350	1.0
Solyc02g085580	Protein indeterminate-domain.1	C2H2	mRNA:Solyc02g085580.4.1	-3.67148648918415	1.4754373533478	1.81692011036608	1.20634201988712	0.643157942663053	-2.85955279818438	-3.74848391260441	-0.47736484	-0.08680145	0.74075836	0.8258479	-0.2960707	-0.372277	-1.5477337	0.6331608230077317	0.93083907848969	0.4589374512855879	0.4090007891721374	0.7672105525216717	0.7097308446512935	0.1218637989186946		0	Solyc02g085580	1.0
Solyc02g085580	Protein indeterminate-domain.1	C2H2	mRNA:Solyc02g085580.4.1	-3.67148648918415	1.4754373533478	1.81692011036608	1.20634201988712	0.643157942663053	-2.85955279818438	-3.74848391260441	-0.47736484	-0.08680145	0.74075836	0.8258479	-0.2960707	-0.372277	-1.5477337	0.6331608230077317	0.93083907848969	0.4589374512855879	0.4090007891721374	0.7672105525216717	0.7097308446512935	0.1218637989186946		3	Solyc02g085580	1.0
Solyc02g086930	Homeobox-leucine zipper protein HAT5 (AHRD V3.3 *** A0A2G2XIE8_CAPBA)	HD-ZIP	mRNA:Solyc02g086930.4.1	-2.38964779447227	2.09496763771638	0.990496772487975	2.65892042976093	-0.615751824325966	-20.7739065972886	-13.3111116723781																7	Solyc02g086930	2.0
Solyc02g086930	Homeobox-leucine zipper protein HAT5 (AHRD V3.3 *** A0A2G2XIE8_CAPBA)	HD-ZIP	mRNA:Solyc02g086930.4.1	-2.38964779447227	2.09496763771638	0.990496772487975	2.65892042976093	-0.615751824325966	-20.7739065972886	-13.3111116723781																8	Solyc02g086930	0.0
Solyc02g090220	Dof zinc finger protein PBF (AHRD V3.3 *** A0A2G3D8X0_CAPCH)	Dof	mRNA:Solyc02g090220.3.1	-0.156475173874201	0.186094300973213	0.554427350817651	1.3830316300012	-0.968442785435038	-0.0039246064620006	-1.28151449500965	-3.2965045	-2.4841032	-2.3740456	-1.2702674	-2.456258	-0.62221164	-0.6038613	0.0009981772668655	0.0130789807889098	0.0176996839924035	0.2041550486787762	0.0141339307262817	0.5338822288550614	0.5460126534809643	Pinfestans_pval & Cfulvum_pval & PSTVd_S23_pval & Bcinerea_pval	0	Solyc02g090220	1.0
Solyc02g090220	Dof zinc finger protein PBF (AHRD V3.3 *** A0A2G3D8X0_CAPCH)	Dof	mRNA:Solyc02g090220.3.1	-0.156475173874201	0.186094300973213	0.554427350817651	1.3830316300012	-0.968442785435038	-0.0039246064620006	-1.28151449500965	-3.2965045	-2.4841032	-2.3740456	-1.2702674	-2.456258	-0.62221164	-0.6038613	0.0009981772668655	0.0130789807889098	0.0176996839924035	0.2041550486787762	0.0141339307262817	0.5338822288550614	0.5460126534809643	Pinfestans_pval & Cfulvum_pval & PSTVd_S23_pval & Bcinerea_pval	2	Solyc02g090220	1.0
Solyc02g092930	R2R3MYB transcription factor  44	MYB	mRNA:Solyc02g092930.1.1	-4.53936756481638	-0.53313658925953	-0.50140259639753	1.79928793226015	-10.0981183618389	-5.88233839831323	-12.5626677404528																10	Solyc02g092930	0.0
Solyc03g026270	CRT binding factor 3 (AHRD V3.3 *** B3TPP7_SOLPI)	ERF	mRNA:Solyc03g026270.3.1	-2.54926949978444	-2.66896618009582	0.477044837276297	2.98592038951424	-5.01941921168218	-9.17984462912346	7.34990987828686	1.0060674	0.3088391	0.5115531	1.213233	-0.574305	2.2930908	0.69748574	0.3145195865566125	0.7574799761012281	0.6090271192327539	0.2252013635605842	0.5658338314908593	0.0219586245570231	0.4855897432426395	Mincognita_7dpi_pval	0	Solyc03g026270	1.0
Solyc03g026280	C-repeat binding factor 1	ERF	mRNA:Solyc03g026280.3.1	-6.5002009121832	-5.15276431660275	-4.60576393531572	-0.567350435399058	-6.98595129289098	-2.43951195369053	1.2817162190197	0.8685041	0.70022404	0.9859029	1.3738221	-0.14211918	1.8578088	0.22860947	0.3852352435562155	0.4838787021393107	0.3243144509875889	0.1696695120564423	0.8870019126656992	0.0633608160353705	0.819198662848842		0	Solyc03g026280	1.0
Solyc03g093550	Ethylene-responsive transcription factor 5 (AHRD V3.3 *** A0A2G3CVP7_CAPCH)	ERF	mRNA:Solyc03g093550.1.1	-8.13348048936033	-5.86252307116249	-3.95853797350661	-2.68830755437606	-5.17771655107271	-6.04014372747953	4.89270397227802	0.9421871	1.9300027	1.0242134	1.0572301	2.659571	1.3154234	2.3846307	0.3462244383597436	0.0537648699771998	0.305873332357969	0.2905497153924178	0.0078940484386796	0.1885366864841505	0.0172002064814104	Bcinerea_pval & Mincognita_14dpi_pval	7	Solyc03g093550	2.0
Solyc03g097120	Heat stress transcription factor A.1	HSF	mRNA:Solyc03g097120.3.1	5.62728572141864	-1.36622392609609	1.52644319133857	-0.0046210556039296	-3.25358431249422	-10.1320770644349	0.541794891890369	-0.7984153	1.3306677	-1.2988417	-0.38763177	1.8664842	1.3439156	2.6772146	0.4247357957042884	0.1834684157722869	0.1941661043200787	0.6983347938001503	0.0621376073077431	0.1791465733602503	0.0074917415925501	Mincognita_14dpi_pval	0	Solyc03g097120	1.0
Solyc03g097120	Heat stress transcription factor A.1	HSF	mRNA:Solyc03g097120.3.1	5.62728572141864	-1.36622392609609	1.52644319133857	-0.0046210556039296	-3.25358431249422	-10.1320770644349	0.541794891890369	-0.7984153	1.3306677	-1.2988417	-0.38763177	1.8664842	1.3439156	2.6772146	0.4247357957042884	0.1834684157722869	0.1941661043200787	0.6983347938001503	0.0621376073077431	0.1791465733602503	0.0074917415925501	Mincognita_14dpi_pval	2	Solyc03g097120	1.0
Solyc03g112930	Dof zinc finger protein (AHRD V3.3 *** A0A2K3NDY2_TRIPR)	Dof	mRNA:Solyc03g112930.3.1	-2.32340267119408	-1.41960717647249	-2.42225461755771	0.416510843350707	-2.28884686864733	6.75969019870459	-2.17150541644517	-1.4222733	-1.1310178	-0.4026579	-1.0416218	-0.72944665	0.40329227	1.1769701	0.1551217449988369	0.2581996166868703	0.6872481548552528	0.2977281904192176	0.4658242487355687	0.6867815568299573	0.2393644366892215		3	Solyc03g112930	1.0
Solyc03g113760	E2F transcription factor-like E2FE (AHRD V3.3 *** A0A1U8FXH9_CAPAN)	E2F/DP	mRNA:Solyc03g113760.3.1	2.51123022299169	-1.97975643503964	0.431779779129853	-0.59042033805286	-0.655409411235089	-1.15684227031659	-3.60478659858193	2.9148526	0.5107398	-1.2640866	-0.58328515	1.8112751	2.4410713	1.4798497	0.003602933617357	0.6095964582930242	0.2063640792359623	0.5597750821831436	0.0702663921507565	0.0147404079208074	0.1390899233858503	Pinfestans_pval & Mincognita_7dpi_pval	7	Solyc03g113760	2.0
Solyc03g121660	Protein indeterminate-domain 7 (AHRD V3.3 *** A0A2G2V8T0_CAPBA)	C2H2	mRNA:Solyc03g121660.3.1	-2.91465490059655	2.99035147722724	-3.56671037031963	-3.31472041464578	-6.24576453926783	-5.73218168869621	-3.08963029266234	-0.007934008	0.039359104	-0.5173396	-0.19080134	0.059527006	-0.45252413	-0.7192283	0.9936705311670608	0.9686084888794604	0.6049832599015824	0.8487029508641079	0.9525390230107268	0.6509464664115452	0.4720944471642743		0	Solyc03g121660	1.0
Solyc04g005100	transcription factor MYB1R1-like (AHRD V3.3 *** A0A2I4GKI8_9ROSI)	MYB_related	mRNA:Solyc04g005100.3.1	2.74902302678219	-0.490188111937413	2.2263077025239	1.61380779808604	8.02676969993454	-11.9349695557976	-2.94578687758606	-0.5647944	-0.328223	0.70835924	0.29780814	-1.6615098	1.039914	0.30506918	0.5722846104165882	0.7427815841415515	0.4788147384869535	0.7658842775340172	0.0967868104271762	0.2985207654815564	0.7603490518289588		0	Solyc04g005100	1.0
Solyc04g005100	transcription factor MYB1R1-like (AHRD V3.3 *** A0A2I4GKI8_9ROSI)	MYB_related	mRNA:Solyc04g005100.3.1	2.74902302678219	-0.490188111937413	2.2263077025239	1.61380779808604	8.02676969993454	-11.9349695557976	-2.94578687758606	-0.5647944	-0.328223	0.70835924	0.29780814	-1.6615098	1.039914	0.30506918	0.5722846104165882	0.7427815841415515	0.4788147384869535	0.7658842775340172	0.0967868104271762	0.2985207654815564	0.7603490518289588		2	Solyc04g005100	1.0
Solyc04g008870	Transcription factor DIVARICATA (AHRD V3.3 *** A0A2G2X9C5_CAPBA)	MYB	mRNA:Solyc04g008870.3.1	-7.30809620896849	3.9815579008869	-0.27489633566269	-1.08722416869895	0.968161242918051	1.5178071751683	-0.476327337128282	-1.9283094	-1.713521	0.9066521	-0.13042168	-2.992697	0.9068258	0.47963676	0.0539751726634328	0.0867904581304523	0.3647132447726958	0.8962475164065191	0.0028032072094922	0.3646213995043997	0.6315444972824806	Bcinerea_pval	0	Solyc04g008870	1.0
Solyc04g008870	Transcription factor DIVARICATA (AHRD V3.3 *** A0A2G2X9C5_CAPBA)	MYB	mRNA:Solyc04g008870.3.1	-7.30809620896849	3.9815579008869	-0.27489633566269	-1.08722416869895	0.968161242918051	1.5178071751683	-0.476327337128282	-1.9283094	-1.713521	0.9066521	-0.13042168	-2.992697	0.9068258	0.47963676	0.0539751726634328	0.0867904581304523	0.3647132447726958	0.8962475164065191	0.0028032072094922	0.3646213995043997	0.6315444972824806	Bcinerea_pval	2	Solyc04g008870	1.0
Solyc04g009950	cell division cycle 5	MYB	mRNA:Solyc04g009950.3.1	-4.97873798925869	-2.45925021924629	1.85458096017756	0.0761873882815016	1.73557387517633	0.927670783518735	2.43037629645417	0.29895046	1.9472255	1.5694215	1.9951633	1.0538741	1.6556439	0.5131978	0.7650126617426181	0.0516644307606124	0.1167270870774665	0.046176939857855	0.2920832556335934	0.097969820830455	0.6078765226703402	PSTVd_M_pval	0	Solyc04g009950	1.0
Solyc04g009950	cell division cycle 5	MYB	mRNA:Solyc04g009950.3.1	-4.97873798925869	-2.45925021924629	1.85458096017756	0.0761873882815016	1.73557387517633	0.927670783518735	2.43037629645417	0.29895046	1.9472255	1.5694215	1.9951633	1.0538741	1.6556439	0.5131978	0.7650126617426181	0.0516644307606124	0.1167270870774665	0.046176939857855	0.2920832556335934	0.097969820830455	0.6078765226703402	PSTVd_M_pval	2	Solyc04g009950	1.0
Solyc04g056310	MYB transcription factor (AHRD V3.3 *-* A0A0U3IU11_MESCR)	MYB	mRNA:Solyc04g056310.3.1	4.12863109976991	-0.773614959388803	0.910126239491461	0.0119095018808882	0.0	-3.34885042737741	0.685000954359243	2.6714704	1.3477879	-0.0401661	-0.8427759	2.1414952	0.48982805	0.2087313	0.0076206524104164	0.1778977460875421	0.9679651995080572	0.3994667725914113	0.0323692294487523	0.6243158065968712	0.8346818381327312	Pinfestans_pval & Bcinerea_pval	0	Solyc04g056310	1.0
Solyc04g072900	dehydration-responsive element binding protein 3	ERF	mRNA:Solyc04g072900.1.1	-2.61348535032384	2.15811554584988	-1.31747975566919	0.80001788602019	-5.11463498902337	2.81594953277585	13.9923882955255	0.2106059	0.298784	2.4102423	2.4012444	0.25654143	0.010279532	0.9508495	0.8332188559887257	0.7651396676471194	0.016042541584461	0.0164411967675963	0.797562373428331	0.9917994142429906	0.3418095908053178	PSTVd_S23_pval & PSTVd_M_pval	7	Solyc04g072900	2.0
Solyc04g074170	MYB transcription factor (AHRD V3.3 *-* A0A0U3IU11_MESCR)	MYB	mRNA:Solyc04g074170.3.1	4.46072269388516	-0.525718838302941	-0.505455977114702	-0.618485987307046	0.0	4.54005349140822	2.67076761118505	2.3735383	-0.9497964	-0.21384816	-0.96683306	0.5953013	-0.14614226	-0.59287584	0.0177239408249226	0.3423443740315423	0.8306899053606283	0.3337585431635975	0.5517176106545392	0.8838255973496227	0.5533393934444051	Pinfestans_pval	2	Solyc04g074170	1.0
Solyc04g077980	C2H2-type zinc finger protein	C2H2	mRNA:Solyc04g077980.1.1	-1.04682669184862	-0.391113219521896	-0.712193033915438	4.41108399271348	4.52516430524298	-8.80033627027944	0.744562324671411	-1.2556593	-0.14245434	-1.1872033	-0.9449269	0.44017735	0.034089826	0.7316334	0.2094039361575023	0.8867372280565768	0.2353054978798389	0.3448241444814945	0.6598619857538386	0.9728093349779704	0.464488432724531		12	Solyc04g077980	0.0
Solyc04g078770	Heat stress transcription factor B-4 (AHRD V3.11 *** tr|A0A2G2Y0E5|A0A2G2Y0E5_CAPAN)	HSF	mRNA:Solyc04g078770.5.1	-4.2045576650405	-0.594210186993699	-0.431313560408206	-2.18197944345517	-0.518201355419027	-3.41990857441854	1.00721624001213	-1.6675135	-0.4512744	-1.4337629	-0.8793352	2.4704876	0.5141122	2.696457	0.0955878527640016	0.6518466456337422	0.1518151718292485	0.3793379676409939	0.0135857889426659	0.6072372404163908	0.0070740470080133	Bcinerea_pval & Mincognita_14dpi_pval	0	Solyc04g078770	1.0
Solyc04g078770	Heat stress transcription factor B-4 (AHRD V3.11 *** tr|A0A2G2Y0E5|A0A2G2Y0E5_CAPAN)	HSF	mRNA:Solyc04g078770.5.1	-4.2045576650405	-0.594210186993699	-0.431313560408206	-2.18197944345517	-0.518201355419027	-3.41990857441854	1.00721624001213	-1.6675135	-0.4512744	-1.4337629	-0.8793352	2.4704876	0.5141122	2.696457	0.0955878527640016	0.6518466456337422	0.1518151718292485	0.3793379676409939	0.0135857889426659	0.6072372404163908	0.0070740470080133	Bcinerea_pval & Mincognita_14dpi_pval	2	Solyc04g078770	1.0
Solyc04g078840	AREB	bZIP	mRNA:Solyc04g078840.3.1	11.3628586725831	3.26344352775792	1.48142205843494	2.96515995040583	0.908309120385652	-7.12809897108134	4.16627319749071	-0.49884078	-1.7752532	0.4344628	0.19302455	-2.9509861	-2.7522895	0.15439017	0.6179530577912138	0.0760265527267197	0.6640049551955134	0.8469617163765855	0.0032089228963182	0.0059779306716655	0.8773195663997448	Bcinerea_pval & Mincognita_7dpi_pval	3	Solyc04g078840	1.0
Solyc04g078840	AREB	bZIP	mRNA:Solyc04g078840.3.1	11.3628586725831	3.26344352775792	1.48142205843494	2.96515995040583	0.908309120385652	-7.12809897108134	4.16627319749071	-0.49884078	-1.7752532	0.4344628	0.19302455	-2.9509861	-2.7522895	0.15439017	0.6179530577912138	0.0760265527267197	0.6640049551955134	0.8469617163765855	0.0032089228963182	0.0059779306716655	0.8773195663997448	Bcinerea_pval & Mincognita_7dpi_pval	5	Solyc04g078840	1.0
Solyc04g082480	Plant regulator RWP-RK family protein, putative (AHRD V3.3 *** A0A061FD78_THECC)	Nin-like	mRNA:Solyc04g082480.3.1	2.772125206703	-2.32399137564421	-1.9225129028757	-2.88164919412349	7.90988135666431	-6.64385730736263	0.665138670469929	-1.6819705	-0.3517333	0.52659494	-0.84882605	0.31314525	-1.1350449	-0.59310925	0.0927495748965349	0.7250798258769713	0.5985403726148653	0.3960919729248067	0.7542069162024476	0.2565089662078058	0.5531832193394789		13	Solyc04g082480	3.0
Solyc04g082480	Plant regulator RWP-RK family protein, putative (AHRD V3.3 *** A0A061FD78_THECC)	Nin-like	mRNA:Solyc04g082480.3.1	2.772125206703	-2.32399137564421	-1.9225129028757	-2.88164919412349	7.90988135666431	-6.64385730736263	0.665138670469929	-1.6819705	-0.3517333	0.52659494	-0.84882605	0.31314525	-1.1350449	-0.59310925	0.0927495748965349	0.7250798258769713	0.5985403726148653	0.3960919729248067	0.7542069162024476	0.2565089662078058	0.5531832193394789		14	Solyc04g082480	0.0
Solyc05g006650	bHLH transcription factor 036	bHLH	mRNA:Solyc05g006650.3.1	-2.71368794028797	-3.82752486257723	-0.76555355175011	-0.66316276227063	-5.54533158423204	-1.38314328676772	-6.00847428425948	0.3782799	-1.5272292	0.6275878	1.7334319	-1.3763654	-2.0819657	-0.4325699	0.7052676858796991	0.1268812961181771	0.5303543236204344	0.0831917043951225	0.1688812520874714	0.0374878318623263	0.6653795508321174	Mincognita_7dpi_pval	3	Solyc05g006650	1.0
Solyc05g006650	bHLH transcription factor 036	bHLH	mRNA:Solyc05g006650.3.1	-2.71368794028797	-3.82752486257723	-0.76555355175011	-0.66316276227063	-5.54533158423204	-1.38314328676772	-6.00847428425948	0.3782799	-1.5272292	0.6275878	1.7334319	-1.3763654	-2.0819657	-0.4325699	0.7052676858796991	0.1268812961181771	0.5303543236204344	0.0831917043951225	0.1688812520874714	0.0374878318623263	0.6653795508321174	Mincognita_7dpi_pval	5	Solyc05g006650	1.0
Solyc05g007180	jasmonic acid 1	HD-ZIP	mRNA:Solyc05g007180.3.1	-2.66824718128156	-3.1601153907324	-5.39530556829351	-5.67700999717256	-11.0330759748888	5.70720712728282	3.43067436643351																2	Solyc05g007180	1.0
Solyc05g007180	jasmonic acid 1	HD-ZIP	mRNA:Solyc05g007180.3.1	-2.66824718128156	-3.1601153907324	-5.39530556829351	-5.67700999717256	-11.0330759748888	5.70720712728282	3.43067436643351																1	Solyc05g007180	0.0
Solyc05g012500	WRKY transcription factor 57	WRKY	mRNA:Solyc05g012500.3.1	1.30236224543819	2.40038604461566	3.84426942898602	5.46087623687707	-3.5276690675412	4.33894909034378	6.34691464199307	1.9592198	3.4486096	3.194366	3.250946	3.0505064	-1.4219997	-0.15558003	0.0502425914199275	0.000576575696814	0.0014258542389219	0.0011716551240615	0.0023182078736897	0.1552011413338797	0.8763816689349986	Cfulvum_pval & PSTVd_S23_pval & PSTVd_M_pval & Bcinerea_pval	0	Solyc05g012500	1.0
Solyc05g012500	WRKY transcription factor 57	WRKY	mRNA:Solyc05g012500.3.1	1.30236224543819	2.40038604461566	3.84426942898602	5.46087623687707	-3.5276690675412	4.33894909034378	6.34691464199307	1.9592198	3.4486096	3.194366	3.250946	3.0505064	-1.4219997	-0.15558003	0.0502425914199275	0.000576575696814	0.0014258542389219	0.0011716551240615	0.0023182078736897	0.1552011413338797	0.8763816689349986	Cfulvum_pval & PSTVd_S23_pval & PSTVd_M_pval & Bcinerea_pval	2	Solyc05g012500	1.0
Solyc05g015840	Squamosa promoter binding protein 13	SBP	mRNA:Solyc05g015840.3.1	-1.09862833469194	4.70949772164587	0.533650917640725	0.779553051428247	-2.06741609804777	0.492693316919226	-2.1869993690297	0.026889535	-0.6193179	-0.24698958	0.22326852	-0.15151101	-0.091334455	-0.58030444	0.9785508480524704	0.535786041425556	0.8049447083625603	0.823352084644644	0.8795897541255812	0.9272370953060328	0.5617826181583037		0	Solyc05g015840	1.0
Solyc05g015840	Squamosa promoter binding protein 13	SBP	mRNA:Solyc05g015840.3.1	-1.09862833469194	4.70949772164587	0.533650917640725	0.779553051428247	-2.06741609804777	0.492693316919226	-2.1869993690297	0.026889535	-0.6193179	-0.24698958	0.22326852	-0.15151101	-0.091334455	-0.58030444	0.9785508480524704	0.535786041425556	0.8049447083625603	0.823352084644644	0.8795897541255812	0.9272370953060328	0.5617826181583037		2	Solyc05g015840	1.0
Solyc05g026180	NAC domain (AHRD V3.3 *** A0A200QDG2_9MAGN)	NAC	mRNA:Solyc05g026180.2.1	0.0844319261491262	-0.0156988952841537	-1.64758484038538	-0.93901682011751	-1.45921289433552	0.375010222321651	2.96391666659011	1.1449951	1.4523067	-0.08934771	0.43138355	0.7992129	-0.06275432	1.557319	0.2523647729706999	0.1465921778506476	0.928815605420889	0.6662416309438722	0.4242733801011946	0.9499691729030392	0.1195721255661385		2	Solyc05g026180	1.0
Solyc06g048630	methionine sulfoxide reductase A1	bZIP	mRNA:Solyc06g048630.3.1	0.121578981272634	-4.52124603012665	-0.451463491996791	1.82879269780327	-4.33224421228526	-0.420564041568852	-2.50396921371096	0.05655265	-1.4051459	-0.16254848	1.3993387	-2.1610055	-1.5461037	-3.2621655	0.9549078879845548	0.1601520068537386	0.8708923612433948	0.161885278273537	0.0308276176335196	0.1222568836636541	0.0011265189295566	Bcinerea_pval & Mincognita_14dpi_pval	0	Solyc06g048630	1.0
Solyc06g048630	methionine sulfoxide reductase A1	bZIP	mRNA:Solyc06g048630.3.1	0.121578981272634	-4.52124603012665	-0.451463491996791	1.82879269780327	-4.33224421228526	-0.420564041568852	-2.50396921371096	0.05655265	-1.4051459	-0.16254848	1.3993387	-2.1610055	-1.5461037	-3.2621655	0.9549078879845548	0.1601520068537386	0.8708923612433948	0.161885278273537	0.0308276176335196	0.1222568836636541	0.0011265189295566	Bcinerea_pval & Mincognita_14dpi_pval	2	Solyc06g048630	1.0
Solyc06g051840	Solanum lycopersicum Cytokinin Response Factor 6	ERF	mRNA:Solyc06g051840.1.1	0.630138493985813	-0.469250427421424	-0.987406514311344	1.21932046613917	-3.57015632452956	0.336295314276497	-0.100476788915817	-0.17589636	2.2904212	1.6186762	0.6703081	1.1832588	1.9309268	1.356395	0.8603953269071636	0.0221131036636778	0.1056937151985428	0.5027481544011487	0.2368642594174304	0.0536503838984337	0.1751451499384236	Cfulvum_pval	2	Solyc06g051840	1.0
Solyc06g053350	Basic-leucine zipper (BZIP) transcription factor family protein (AHRD V3.3 *** F4IQT9_ARATH)	bZIP	mRNA:Solyc06g053350.3.1	0.663854102001065	-0.614839867073742	0.0697410926338141	0.597798701429266	-1.70329255056041	4.25682248615103	4.69253365030778	-0.040031474	-1.4741913	0.6898898	1.0154563	-2.1914647	-2.9786673	-2.502955	0.9680725129407528	0.1406065214686506	0.4903532282575632	0.3100260526816993	0.0285470785343728	0.0029341192102083	0.0124049144424325	Bcinerea_pval & Mincognita_7dpi_pval & Mincognita_14dpi_pval	11	Solyc06g053350	3.0
Solyc06g065040	bHLH transcription factor 086	bHLH	mRNA:Solyc06g065040.4.1	4.33379091343207	-2.2293081601542	1.39256591883625	1.27426829255933	1.53934337755181	-1.67723313317795	-0.898638171955917	-0.067635596	1.4104359	-1.0129088	0.58356255	0.84851915	-1.3547976	-2.275828	0.946083298037246	0.1585853388000023	0.3112410706446557	0.5595884278860608	0.3962627489323562	0.1756535870094071	0.0229744015731826	Mincognita_14dpi_pval	0	Solyc06g065040	1.0
Solyc06g065040	bHLH transcription factor 086	bHLH	mRNA:Solyc06g065040.4.1	4.33379091343207	-2.2293081601542	1.39256591883625	1.27426829255933	1.53934337755181	-1.67723313317795	-0.898638171955917	-0.067635596	1.4104359	-1.0129088	0.58356255	0.84851915	-1.3547976	-2.275828	0.946083298037246	0.1585853388000023	0.3112410706446557	0.5595884278860608	0.3962627489323562	0.1756535870094071	0.0229744015731826	Mincognita_14dpi_pval	2	Solyc06g065040	1.0
Solyc06g069460	TCP transcription factor 6	TCP	mRNA:Solyc06g069460.3.1	-6.60947990320725	-1.16265163663101	0.0	0.0	-6.92177828769028	-0.926988021999733	-0.615636208692469	-1.4729416	-1.8816226	-1.3400383	-1.217834	-1.6153829	1.0447888	-0.3741272	0.1409431759360005	0.0600499738682031	0.1804035408838473	0.2234481087221921	0.106404620959856	0.2962621193043599	0.7083541362774821		0	Solyc06g069460	1.0
Solyc06g069460	TCP transcription factor 6	TCP	mRNA:Solyc06g069460.3.1	-6.60947990320725	-1.16265163663101	0.0	0.0	-6.92177828769028	-0.926988021999733	-0.615636208692469	-1.4729416	-1.8816226	-1.3400383	-1.217834	-1.6153829	1.0447888	-0.3741272	0.1409431759360005	0.0600499738682031	0.1804035408838473	0.2234481087221921	0.106404620959856	0.2962621193043599	0.7083541362774821		2	Solyc06g069460	1.0
Solyc06g069460	TCP transcription factor 6	TCP	mRNA:Solyc06g069460.3.1	-6.60947990320725	-1.16265163663101	0.0	0.0	-6.92177828769028	-0.926988021999733	-0.615636208692469	-1.4729416	-1.8816226	-1.3400383	-1.217834	-1.6153829	1.0447888	-0.3741272	0.1409431759360005	0.0600499738682031	0.1804035408838473	0.2234481087221921	0.106404620959856	0.2962621193043599	0.7083541362774821		3	Solyc06g069460	1.0
Solyc06g069460	TCP transcription factor 6	TCP	mRNA:Solyc06g069460.3.1	-6.60947990320725	-1.16265163663101	0.0	0.0	-6.92177828769028	-0.926988021999733	-0.615636208692469	-1.4729416	-1.8816226	-1.3400383	-1.217834	-1.6153829	1.0447888	-0.3741272	0.1409431759360005	0.0600499738682031	0.1804035408838473	0.2234481087221921	0.106404620959856	0.2962621193043599	0.7083541362774821		5	Solyc06g069460	1.0
Solyc06g070900	TCP transcription factor 17	TCP	mRNA:Solyc06g070900.3.1	-8.36947563366802	-5.41871185861371	0.17573154507121	-1.30577277425849	-7.44513642846501	-0.787714908430242	0.692405549511236	-2.1076047	-2.4125488	-2.0906622	-1.7097801	-2.9607475	2.4614756	0.07034666	0.0352043966720763	0.0159417327506054	0.0366995618482784	0.0874804364707467	0.0031094456483641	0.0139307158061356	0.9439256288099672	Pinfestans_pval & Cfulvum_pval & PSTVd_S23_pval & Bcinerea_pval & Mincognita_7dpi_pval	3	Solyc06g070900	1.0
Solyc06g071230	Transcription factor MYB1.1	MYB_related	mRNA:Solyc06g071230.3.1	-0.528447558128997	-4.87788130840911	2.27392506714512	4.32489994196014	3.49677732048872	-21.0794765474452	-0.0361712236746802	-0.86024725	-0.2311377	0.5128065	2.0084236	-2.0043156	2.4125404	1.1660223	0.3897683500400992	0.817234338050843	0.6081501877110433	0.0447487647323679	0.0451871646586437	0.0159420964643272	0.2437612880046858	PSTVd_M_pval & Bcinerea_pval & Mincognita_7dpi_pval	0	Solyc06g071230	1.0
Solyc06g071230	Transcription factor MYB1.1	MYB_related	mRNA:Solyc06g071230.3.1	-0.528447558128997	-4.87788130840911	2.27392506714512	4.32489994196014	3.49677732048872	-21.0794765474452	-0.0361712236746802	-0.86024725	-0.2311377	0.5128065	2.0084236	-2.0043156	2.4125404	1.1660223	0.3897683500400992	0.817234338050843	0.6081501877110433	0.0447487647323679	0.0451871646586437	0.0159420964643272	0.2437612880046858	PSTVd_M_pval & Bcinerea_pval & Mincognita_7dpi_pval	2	Solyc06g071230	1.0
Solyc06g071480	Dof zinc finger protein PBF (AHRD V3.3 *** A0A2G2WM24_CAPBA)	Dof	mRNA:Solyc06g071480.3.1	-1.37818777610422	-0.752448639062861	-1.35550749174512	1.01718147891472	-2.92908855323815	0.502740392308478	0.197754825946104	-1.4222733	-1.1310178	-0.4026579	-1.0416218	-0.72944665	0.40329227	1.1769701	0.1551217449988369	0.2581996166868703	0.6872481548552528	0.2977281904192176	0.4658242487355687	0.6867815568299573	0.2393644366892215		3	Solyc06g071480	1.0
Solyc06g074170	NAC domain-containing protein 40 (AHRD V3.3 *** A0A2G2ZDN9_CAPAN)	NAC	mRNA:Solyc06g074170.3.1	-1.56256185795543	3.25224514394256	0.0336502159237381	0.995265498456721	2.29746130199121	7.13735414426174	0.18001627670923	-0.4585324	1.4003953	-0.23537032	-1.1559796	-1.2858086	0.5984845	1.4174867	0.6466258476496041	0.1615688775369375	0.8139483320765762	0.2478442714410733	0.1986767492044866	0.5495926634799818	0.1565153123572391		3	Solyc06g074170	1.0
Solyc06g074170	NAC domain-containing protein 40 (AHRD V3.3 *** A0A2G2ZDN9_CAPAN)	NAC	mRNA:Solyc06g074170.3.1	-1.56256185795543	3.25224514394256	0.0336502159237381	0.995265498456721	2.29746130199121	7.13735414426174	0.18001627670923	-0.4585324	1.4003953	-0.23537032	-1.1559796	-1.2858086	0.5984845	1.4174867	0.6466258476496041	0.1615688775369375	0.8139483320765762	0.2478442714410733	0.1986767492044866	0.5495926634799818	0.1565153123572391		5	Solyc06g074170	1.0
Solyc06g082430	LOB domain-containing protein 15 (AHRD V3.3 *** A0A2G2V4N5_CAPBA)	LBD	mRNA:Solyc06g082430.2.1	7.43601816231119	-0.314758467548783	-0.361038321299231	0.495031605423117	2.58330060399561	-5.8285458578727	-5.61288718012245	-0.16339971	0.32734942	1.916477	0.90816253	1.3545951	1.8695972	0.71088547	0.8702222378586778	0.7434420209205356	0.0554640328725951	0.363915015487315	0.175718130903581	0.0617034699712281	0.4772481404443857		11	Solyc06g082430	3.0
Solyc06g082430	LOB domain-containing protein 15 (AHRD V3.3 *** A0A2G2V4N5_CAPBA)	LBD	mRNA:Solyc06g082430.2.1	7.43601816231119	-0.314758467548783	-0.361038321299231	0.495031605423117	2.58330060399561	-5.8285458578727	-5.61288718012245	-0.16339971	0.32734942	1.916477	0.90816253	1.3545951	1.8695972	0.71088547	0.8702222378586778	0.7434420209205356	0.0554640328725951	0.363915015487315	0.175718130903581	0.0617034699712281	0.4772481404443857		16	Solyc06g082430	0.0
Solyc07g026680	Transcription factor DIVARICATA (AHRD V3.3 *** A0A2G2X3T8_CAPBA)	MYB_related	mRNA:Solyc07g026680.2.1	-1.87913621493276	7.02264423924768	0.762348710551082	0.431441704515025	-2.39821677863937	-1.76447687569581	5.06165673380016	-0.34808898	-0.02248112	1.1402305	2.4318542	-0.8841201	2.1435163	-0.114684366	0.7278144280992478	0.9820666869411347	0.254343323037028	0.0151195778326009	0.3767505128893447	0.0322065224569266	0.9087082121064826	PSTVd_M_pval & Mincognita_7dpi_pval	0	Solyc07g026680	1.0
Solyc07g026680	Transcription factor DIVARICATA (AHRD V3.3 *** A0A2G2X3T8_CAPBA)	MYB_related	mRNA:Solyc07g026680.2.1	-1.87913621493276	7.02264423924768	0.762348710551082	0.431441704515025	-2.39821677863937	-1.76447687569581	5.06165673380016	-0.34808898	-0.02248112	1.1402305	2.4318542	-0.8841201	2.1435163	-0.114684366	0.7278144280992478	0.9820666869411347	0.254343323037028	0.0151195778326009	0.3767505128893447	0.0322065224569266	0.9087082121064826	PSTVd_M_pval & Mincognita_7dpi_pval	2	Solyc07g026680	1.0
Solyc07g053570	Zinc finger protein MAGPIE (AHRD V3.3 *** A0A2G2Z473_CAPAN)	C2H2	mRNA:Solyc07g053570.4.1	-5.28715333421921	3.26287054046193	-0.468093299316224	-2.56413361045872	0.296112182447495	-6.41855029622072	-0.722862548307659	-0.39643475	0.37235275	0.5821838	0.7340921	-0.3220809	-0.31133533	-1.5021166	0.6918317437956272	0.7096744564087842	0.5605164627525665	0.4629890646696707	0.7474291358507537	0.755582090822134	0.1332439833023627		0	Solyc07g053570	1.0
Solyc07g054220	Ethylene-responsive transcription factor (AHRD V3.3 *** A0A2G3C0R2_CAPCH)	ERF	mRNA:Solyc07g054220.1.1	1.16262426762619	-0.0975684121894154	-2.2223885767987	-1.90114454130398	-1.4630305709392	-9.91002208326587	-2.32998307647395	0.6604697	0.78944385	2.7139366	1.7689711	2.1635664	1.1264868	2.608657	0.5090377186113603	0.4299575417571187	0.006712882210322	0.0770695361084886	0.0306300314815447	0.2601110371649053	0.009165749089103	PSTVd_S23_pval & Bcinerea_pval & Mincognita_14dpi_pval	3	Solyc07g054220	1.0
Solyc07g063420	NAC domain-containing protein (AHRD V3.3 *** A0A2U1LQQ4_ARTAN)	NAC	mRNA:Solyc07g063420.3.1	-8.12713368730909	-0.519122188425835	3.05897331107084	3.38992453196355	0.835490352729341	0.581262628550418	1.08615517830749	1.7968565	3.886101	1.314779	1.9585441	2.6204095	0.49688596	0.29191682	0.0725274927974351	0.0001055911024169	0.1887531587576819	0.0503218061605747	0.0088569596647577	0.6193307001435245	0.7703841657205376	Cfulvum_pval & Bcinerea_pval	9	Solyc07g063420	3.0
Solyc07g063420	NAC domain-containing protein (AHRD V3.3 *** A0A2U1LQQ4_ARTAN)	NAC	mRNA:Solyc07g063420.3.1	-8.12713368730909	-0.519122188425835	3.05897331107084	3.38992453196355	0.835490352729341	0.581262628550418	1.08615517830749	1.7968565	3.886101	1.314779	1.9585441	2.6204095	0.49688596	0.29191682	0.0725274927974351	0.0001055911024169	0.1887531587576819	0.0503218061605747	0.0088569596647577	0.6193307001435245	0.7703841657205376	Cfulvum_pval & Bcinerea_pval	18	Solyc07g063420	3.0
Solyc07g063420	NAC domain-containing protein (AHRD V3.3 *** A0A2U1LQQ4_ARTAN)	NAC	mRNA:Solyc07g063420.3.1	-8.12713368730909	-0.519122188425835	3.05897331107084	3.38992453196355	0.835490352729341	0.581262628550418	1.08615517830749	1.7968565	3.886101	1.314779	1.9585441	2.6204095	0.49688596	0.29191682	0.0725274927974351	0.0001055911024169	0.1887531587576819	0.0503218061605747	0.0088569596647577	0.6193307001435245	0.7703841657205376	Cfulvum_pval & Bcinerea_pval	13	Solyc07g063420	3.0
Solyc07g063420	NAC domain-containing protein (AHRD V3.3 *** A0A2U1LQQ4_ARTAN)	NAC	mRNA:Solyc07g063420.3.1	-8.12713368730909	-0.519122188425835	3.05897331107084	3.38992453196355	0.835490352729341	0.581262628550418	1.08615517830749	1.7968565	3.886101	1.314779	1.9585441	2.6204095	0.49688596	0.29191682	0.0725274927974351	0.0001055911024169	0.1887531587576819	0.0503218061605747	0.0088569596647577	0.6193307001435245	0.7703841657205376	Cfulvum_pval & Bcinerea_pval	17	Solyc07g063420	3.0
Solyc07g066220	WRKY transcription factor 2	WRKY	mRNA:Solyc07g066220.3.1	-1.61640706882888	-0.112009203087181	3.71400491506174	1.80636393610569	-2.2789122613236	-3.72223783900595	1.7561538180681	2.4995182	4.672714	1.7723768	2.790476	1.2966206	-0.36770418	-3.3021758	0.0125254563929267	3.1951512073677708e-06	0.0765026676291979	0.0053190621792218	0.1949294433024473	0.7131374391940382	0.0009783328492868	Pinfestans_pval & Cfulvum_pval & PSTVd_M_pval & Mincognita_14dpi_pval	0	Solyc07g066220	1.0
Solyc07g066220	WRKY transcription factor 2	WRKY	mRNA:Solyc07g066220.3.1	-1.61640706882888	-0.112009203087181	3.71400491506174	1.80636393610569	-2.2789122613236	-3.72223783900595	1.7561538180681	2.4995182	4.672714	1.7723768	2.790476	1.2966206	-0.36770418	-3.3021758	0.0125254563929267	3.1951512073677708e-06	0.0765026676291979	0.0053190621792218	0.1949294433024473	0.7131374391940382	0.0009783328492868	Pinfestans_pval & Cfulvum_pval & PSTVd_M_pval & Mincognita_14dpi_pval	3	Solyc07g066220	1.0
Solyc08g005260	Homeodomain-like superfamily protein (AHRD V3.3 *** A0A2U1QD82_ARTAN)	G2-like	mRNA:Solyc08g005260.2.1	-6.78147058063856	1.34889598924807	1.30606762569353	1.34720035056805	-1.26453050137724	-1.27982195668182	2.36600687772928	-1.2168696	-0.43626505	-0.02735112	0.7825454	0.54623526	0.032223023	-0.34304336	0.2238147917051171	0.6626972236243105	0.9781827429372054	0.4339979791060142	0.5849725313813048	0.974297800143806	0.7316062596982		0	Solyc08g005260	1.0
Solyc08g005260	Homeodomain-like superfamily protein (AHRD V3.3 *** A0A2U1QD82_ARTAN)	G2-like	mRNA:Solyc08g005260.2.1	-6.78147058063856	1.34889598924807	1.30606762569353	1.34720035056805	-1.26453050137724	-1.27982195668182	2.36600687772928	-1.2168696	-0.43626505	-0.02735112	0.7825454	0.54623526	0.032223023	-0.34304336	0.2238147917051171	0.6626972236243105	0.9781827429372054	0.4339979791060142	0.5849725313813048	0.974297800143806	0.7316062596982		2	Solyc08g005260	1.0
Solyc08g005260	Homeodomain-like superfamily protein (AHRD V3.3 *** A0A2U1QD82_ARTAN)	G2-like	mRNA:Solyc08g005260.2.1	-6.78147058063856	1.34889598924807	1.30606762569353	1.34720035056805	-1.26453050137724	-1.27982195668182	2.36600687772928	-1.2168696	-0.43626505	-0.02735112	0.7825454	0.54623526	0.032223023	-0.34304336	0.2238147917051171	0.6626972236243105	0.9781827429372054	0.4339979791060142	0.5849725313813048	0.974297800143806	0.7316062596982		4	Solyc08g005260	0.0
Solyc08g005260	Homeodomain-like superfamily protein (AHRD V3.3 *** A0A2U1QD82_ARTAN)	G2-like	mRNA:Solyc08g005260.2.1	-6.78147058063856	1.34889598924807	1.30606762569353	1.34720035056805	-1.26453050137724	-1.27982195668182	2.36600687772928	-1.2168696	-0.43626505	-0.02735112	0.7825454	0.54623526	0.032223023	-0.34304336	0.2238147917051171	0.6626972236243105	0.9781827429372054	0.4339979791060142	0.5849725313813048	0.974297800143806	0.7316062596982		6	Solyc08g005260	0.0
Solyc08g006020	NAC domain-containing protein (AHRD V3.3 *** A0A2G3AGF8_CAPAN)	NAC	mRNA:Solyc08g006020.4.1	2.54951268518257	0.699749022819	-0.64080778613355	-2.35942316830592	-3.29718829804705	0.199561569170458	12.6814955327264	2.3062284	4.054872	2.8074768	3.223943	1.5031582	0.35103175	0.07159842	0.0212120125914769	5.232108115716634e-05	0.0050474408422361	0.0012872325246894	0.132975241135189	0.7256059770713992	0.9429295244331276	Pinfestans_pval & Cfulvum_pval & PSTVd_S23_pval & PSTVd_M_pval	0	Solyc08g006020	1.0
Solyc08g006020	NAC domain-containing protein (AHRD V3.3 *** A0A2G3AGF8_CAPAN)	NAC	mRNA:Solyc08g006020.4.1	2.54951268518257	0.699749022819	-0.64080778613355	-2.35942316830592	-3.29718829804705	0.199561569170458	12.6814955327264	2.3062284	4.054872	2.8074768	3.223943	1.5031582	0.35103175	0.07159842	0.0212120125914769	5.232108115716634e-05	0.0050474408422361	0.0012872325246894	0.132975241135189	0.7256059770713992	0.9429295244331276	Pinfestans_pval & Cfulvum_pval & PSTVd_S23_pval & PSTVd_M_pval	2	Solyc08g006020	1.0
Solyc08g006020	NAC domain-containing protein (AHRD V3.3 *** A0A2G3AGF8_CAPAN)	NAC	mRNA:Solyc08g006020.4.1	2.54951268518257	0.699749022819	-0.64080778613355	-2.35942316830592	-3.29718829804705	0.199561569170458	12.6814955327264	2.3062284	4.054872	2.8074768	3.223943	1.5031582	0.35103175	0.07159842	0.0212120125914769	5.232108115716634e-05	0.0050474408422361	0.0012872325246894	0.132975241135189	0.7256059770713992	0.9429295244331276	Pinfestans_pval & Cfulvum_pval & PSTVd_S23_pval & PSTVd_M_pval	3	Solyc08g006020	1.0
Solyc08g006020	NAC domain-containing protein (AHRD V3.3 *** A0A2G3AGF8_CAPAN)	NAC	mRNA:Solyc08g006020.4.1	2.54951268518257	0.699749022819	-0.64080778613355	-2.35942316830592	-3.29718829804705	0.199561569170458	12.6814955327264	2.3062284	4.054872	2.8074768	3.223943	1.5031582	0.35103175	0.07159842	0.0212120125914769	5.232108115716634e-05	0.0050474408422361	0.0012872325246894	0.132975241135189	0.7256059770713992	0.9429295244331276	Pinfestans_pval & Cfulvum_pval & PSTVd_S23_pval & PSTVd_M_pval	5	Solyc08g006020	1.0
Solyc08g061130	Transcription factor HY5 (AHRD V3.3 *** A0A1U8E2N7_CAPAN)	bZIP	mRNA:Solyc08g061130.3.1	-1.50694326045402	1.97888351318967	-0.611114973453919	-0.283279635466223	2.38031715867141	-0.36356994340758	-3.10878583377947	-0.92050785	-1.1761212	1.5296264	2.9137516	-3.014358	-2.0645545	0.7722073	0.3574318864160881	0.2397033512607206	0.1262865223922801	0.0036156029180968	0.0026115420263743	0.0391094162239937	0.440093928913465	PSTVd_M_pval & Bcinerea_pval & Mincognita_7dpi_pval	0	Solyc08g061130	1.0
Solyc08g061130	Transcription factor HY5 (AHRD V3.3 *** A0A1U8E2N7_CAPAN)	bZIP	mRNA:Solyc08g061130.3.1	-1.50694326045402	1.97888351318967	-0.611114973453919	-0.283279635466223	2.38031715867141	-0.36356994340758	-3.10878583377947	-0.92050785	-1.1761212	1.5296264	2.9137516	-3.014358	-2.0645545	0.7722073	0.3574318864160881	0.2397033512607206	0.1262865223922801	0.0036156029180968	0.0026115420263743	0.0391094162239937	0.440093928913465	PSTVd_M_pval & Bcinerea_pval & Mincognita_7dpi_pval	2	Solyc08g061130	1.0
Solyc08g066510	GATA transcription factor (AHRD V3.3 *** K4CLM7_SOLLC)	GATA	mRNA:Solyc08g066510.3.1	-0.0984135984305668	-1.30033501467376	-0.341772054166825	-0.72786619542296	-0.189860964195333	-10.3391348996939	-5.80800949432118	2.4024282	-1.043383	-0.5875115	-0.18067963	1.1032854	0.46389237	0.2995922	0.0163882577555625	0.2969123054270344	0.5569345934442296	0.8566395675000564	0.2700520304679183	0.6427814549687627	0.7645231366019277	Pinfestans_pval	7	Solyc08g066510	2.0
Solyc08g077110	NAC domain-containing protein 45 (AHRD V3.3 *** A0A2G2XLA5_CAPBA)	NAC	mRNA:Solyc08g077110.4.1	4.05069717538652	4.50820379084964	1.74992263800465	4.26736567436603	-2.76407956385406	9.35200357770149	-7.1847134808872	0.021913039	2.6069734	1.1837627	0.4163479	1.5751402	-0.055919338	0.62730163	0.9825197745395596	0.0092107596051524	0.2366647272855984	0.6772055361608886	0.1154013838378641	0.955412327142082	0.5305418077499335	Cfulvum_pval	13	Solyc08g077110	3.0
Solyc08g080150	TCP transcription factor 20	TCP	mRNA:Solyc08g080150.1.1	-5.68219856488229	-0.0164312957012744	-1.22970500451895	-4.20685383839821	-0.920504219575323	-7.57004663047448	0.182761989095457	-0.34301117	-1.7348474	-1.6124187	-0.940841	-1.9434725	2.0784454	-0.53335464	0.731630469340299	0.0829405409154809	0.1070477424476238	0.3469137109109282	0.0521161767477185	0.0378109889343041	0.5938545484135872	Mincognita_7dpi_pval	3	Solyc08g080150	1.0
Solyc08g080150	TCP transcription factor 20	TCP	mRNA:Solyc08g080150.1.1	-5.68219856488229	-0.0164312957012744	-1.22970500451895	-4.20685383839821	-0.920504219575323	-7.57004663047448	0.182761989095457	-0.34301117	-1.7348474	-1.6124187	-0.940841	-1.9434725	2.0784454	-0.53335464	0.731630469340299	0.0829405409154809	0.1070477424476238	0.3469137109109282	0.0521161767477185	0.0378109889343041	0.5938545484135872	Mincognita_7dpi_pval	5	Solyc08g080150	1.0
Solyc08g081610	WRKY family transcription factor (AHRD V3.3 *** A0A178V2E9_ARATH)	WRKY	mRNA:Solyc08g081610.4.1	7.12635558086266	5.91339635930791	-0.69589467409233	0.241912123552534	2.77922459992421	0.410623741245571	-5.36234949993568	2.809861	3.1290581	2.164501	1.7060758	3.0622063	-2.833336	-2.1304085	0.0050103688534642	0.001782044512682	0.0305581927004802	0.0881680225609893	0.002229940550816	0.0046582931412127	0.0332743589258354	Pinfestans_pval & Cfulvum_pval & PSTVd_S23_pval & Bcinerea_pval & Mincognita_7dpi_pval & Mincognita_14dpi_pval	0	Solyc08g081610	1.0
Solyc08g081610	WRKY family transcription factor (AHRD V3.3 *** A0A178V2E9_ARATH)	WRKY	mRNA:Solyc08g081610.4.1	7.12635558086266	5.91339635930791	-0.69589467409233	0.241912123552534	2.77922459992421	0.410623741245571	-5.36234949993568	2.809861	3.1290581	2.164501	1.7060758	3.0622063	-2.833336	-2.1304085	0.0050103688534642	0.001782044512682	0.0305581927004802	0.0881680225609893	0.002229940550816	0.0046582931412127	0.0332743589258354	Pinfestans_pval & Cfulvum_pval & PSTVd_S23_pval & Bcinerea_pval & Mincognita_7dpi_pval & Mincognita_14dpi_pval	2	Solyc08g081610	1.0
Solyc09g010820	Myb-related protein 3R.1	MYB	mRNA:Solyc09g010820.3.1	-1.1220701548571	-0.855252339886769	0.460137157078828	0.888253235519525	4.24916728884711	-4.29391932556511	-0.27663623064707	2.365916	-2.0847383	-2.2604294	-0.36402944	-0.2597876	2.1918945	-0.91716146	0.0180918884503435	0.037234970239425	0.0239146958430526	0.7158791652092986	0.7950576011001397	0.0285159631698209	0.3591820047386629	Pinfestans_pval & Cfulvum_pval & PSTVd_S23_pval & Mincognita_7dpi_pval	13	Solyc09g010820	3.0
Solyc09g010820	Myb-related protein 3R.1	MYB	mRNA:Solyc09g010820.3.1	-1.1220701548571	-0.855252339886769	0.460137157078828	0.888253235519525	4.24916728884711	-4.29391932556511	-0.27663623064707	2.365916	-2.0847383	-2.2604294	-0.36402944	-0.2597876	2.1918945	-0.91716146	0.0180918884503435	0.037234970239425	0.0239146958430526	0.7158791652092986	0.7950576011001397	0.0285159631698209	0.3591820047386629	Pinfestans_pval & Cfulvum_pval & PSTVd_S23_pval & Mincognita_7dpi_pval	15	Solyc09g010820	3.0
Solyc10g018780	Squamosa promoter binding protein 8a	SBP	mRNA:Solyc10g018780.3.1	-3.17735636838833	-0.812891948417366	-0.22271739216586	-0.401219024728096	-3.77828185028656	-0.899524882110694	-2.06265781481063	0.031224396	-0.7211473	-1.5350189	-0.80165493	-0.7545608	0.8714422	0.8900646	0.9750940768314856	0.47091338410931	0.1249564987724975	0.4228593527566425	0.4506121253100759	0.3836300083968859	0.3735512103059843		0	Solyc10g018780	1.0
Solyc10g018780	Squamosa promoter binding protein 8a	SBP	mRNA:Solyc10g018780.3.1	-3.17735636838833	-0.812891948417366	-0.22271739216586	-0.401219024728096	-3.77828185028656	-0.899524882110694	-2.06265781481063	0.031224396	-0.7211473	-1.5350189	-0.80165493	-0.7545608	0.8714422	0.8900646	0.9750940768314856	0.47091338410931	0.1249564987724975	0.4228593527566425	0.4506121253100759	0.3836300083968859	0.3735512103059843		2	Solyc10g018780	1.0
Solyc10g047640	GATA transcription factor 28 (AHRD V3.3 *** A0A2G3AWS2_CAPCH)	GATA	mRNA:Solyc10g047640.3.1	-3.06991811935003	-2.63769367188914	2.23026100492639	0.504631484954864	-2.58754343209486	5.15706160123455	6.48431977771451	0.25423205	-0.94413406	-0.14256099	-1.535767	0.05769067	-0.18260416	-0.84345573	0.7993455910193803	0.3452289913989534	0.8866530075277149	0.1247728684161065	0.9540014872112113	0.8551293646331299	0.399086689072563		19	Solyc10g047640	4.0
Solyc10g047640	GATA transcription factor 28 (AHRD V3.3 *** A0A2G3AWS2_CAPCH)	GATA	mRNA:Solyc10g047640.3.1	-3.06991811935003	-2.63769367188914	2.23026100492639	0.504631484954864	-2.58754343209486	5.15706160123455	6.48431977771451	0.25423205	-0.94413406	-0.14256099	-1.535767	0.05769067	-0.18260416	-0.84345573	0.7993455910193803	0.3452289913989534	0.8866530075277149	0.1247728684161065	0.9540014872112113	0.8551293646331299	0.399086689072563		16	Solyc10g047640	0.0
Solyc10g078700	Squamosa promoter binding protein 15	SBP	mRNA:Solyc10g078700.3.1	-7.09571034958163	-3.25630189938438	-1.88939647335378	-2.08931805507465	-4.1863891668933	1.0273596580557	-4.575198529464	-0.9203387	-1.2601224	0.11175726	-0.99066097	-0.34468824	-0.06380719	-0.17492898	0.3575202248484348	0.2077900097383845	0.9110284460536552	0.3219855001421986	0.7303693914629497	0.9491309018953394	0.8611552901494335		0	Solyc10g078700	1.0
Solyc10g078700	Squamosa promoter binding protein 15	SBP	mRNA:Solyc10g078700.3.1	-7.09571034958163	-3.25630189938438	-1.88939647335378	-2.08931805507465	-4.1863891668933	1.0273596580557	-4.575198529464	-0.9203387	-1.2601224	0.11175726	-0.99066097	-0.34468824	-0.06380719	-0.17492898	0.3575202248484348	0.2077900097383845	0.9110284460536552	0.3219855001421986	0.7303693914629497	0.9491309018953394	0.8611552901494335		2	Solyc10g078700	1.0
Solyc10g081350	ABSCISIC ACID-INSENSITIVE 5-like protein 2 (AHRD V3.3 *** A0A2G3BGU0_CAPCH)	bZIP	mRNA:Solyc10g081350.2.1	-4.88457182344174	-4.21643401103052	-0.606656898970446	-0.480962741959096	-2.32312074249657	5.9784699628521	3.89475499273008	-1.1268693	-2.1427042	1.0318805	1.0739902	-3.7241523	-2.6941068	0.32922027	0.2599492831260784	0.0322718125098987	0.302267969005305	0.282972303000011	0.0002020623836368	0.0071239135864635	0.7420278516289348	Cfulvum_pval & Bcinerea_pval & Mincognita_7dpi_pval	3	Solyc10g081350	1.0
Solyc10g081350	ABSCISIC ACID-INSENSITIVE 5-like protein 2 (AHRD V3.3 *** A0A2G3BGU0_CAPCH)	bZIP	mRNA:Solyc10g081350.2.1	-4.88457182344174	-4.21643401103052	-0.606656898970446	-0.480962741959096	-2.32312074249657	5.9784699628521	3.89475499273008	-1.1268693	-2.1427042	1.0318805	1.0739902	-3.7241523	-2.6941068	0.32922027	0.2599492831260784	0.0322718125098987	0.302267969005305	0.282972303000011	0.0002020623836368	0.0071239135864635	0.7420278516289348	Cfulvum_pval & Bcinerea_pval & Mincognita_7dpi_pval	5	Solyc10g081350	1.0
Solyc10g084180	Protein indeterminate-domain 2 (AHRD V3.3 *** A0A2G3BGA0_CAPCH)	C2H2	mRNA:Solyc10g084180.2.1	-4.93912796482884	-0.743996301437639	-2.14474091576421	-0.802341945491944	-7.71058187490683	5.71146994282894	-0.776949706063389	-0.5952448	0.58199453	-0.26412073	0.35673106	-0.093254566	-0.9607382	-1.8858143	0.5517553268322667	0.5606438990850819	0.7917173989811791	0.7213353402897051	0.9257117968643708	0.3368140196908558	0.0594823173671538		0	Solyc10g084180	1.0
Solyc10g084180	Protein indeterminate-domain 2 (AHRD V3.3 *** A0A2G3BGA0_CAPCH)	C2H2	mRNA:Solyc10g084180.2.1	-4.93912796482884	-0.743996301437639	-2.14474091576421	-0.802341945491944	-7.71058187490683	5.71146994282894	-0.776949706063389	-0.5952448	0.58199453	-0.26412073	0.35673106	-0.093254566	-0.9607382	-1.8858143	0.5517553268322667	0.5606438990850819	0.7917173989811791	0.7213353402897051	0.9257117968643708	0.3368140196908558	0.0594823173671538		7	Solyc10g084180	2.0
Solyc12g006800	myb family transcription factor EFM-like (AHRD V3.3 *** A0A2I4HNH6_9ROSI)	G2-like	mRNA:Solyc12g006800.2.1	-5.04726585146838	0.0055188093564299	-2.32161786234945	-1.71414608081358	1.26393860786172	-5.86555426304618	-6.35264916367105	-0.4531461	0.69043297	-0.8135565	0.19552602	0.040358912	-0.4056372	-0.63679844	0.6504986487482833	0.4900117647138302	0.4160076371596924	0.8450034371706563	0.9678115027875284	0.6850578303109661	0.5243378415964058		0	Solyc12g006800	1.0
Solyc12g006800	myb family transcription factor EFM-like (AHRD V3.3 *** A0A2I4HNH6_9ROSI)	G2-like	mRNA:Solyc12g006800.2.1	-5.04726585146838	0.0055188093564299	-2.32161786234945	-1.71414608081358	1.26393860786172	-5.86555426304618	-6.35264916367105	-0.4531461	0.69043297	-0.8135565	0.19552602	0.040358912	-0.4056372	-0.63679844	0.6504986487482833	0.4900117647138302	0.4160076371596924	0.8450034371706563	0.9678115027875284	0.6850578303109661	0.5243378415964058		2	Solyc12g006800	1.0
Solyc12g007180	Protein tesmin/TSO1-like CXC 5 (AHRD V3.3 *** A0A2G3BNP4_CAPCH)	CPP	mRNA:Solyc12g007180.2.1	1.55393989516374	0.620961352523858	2.02714014609726	1.61165184484075	4.64142713320773	0.109761532920677	-1.17284423065085	0.40768838	-1.1513981	-2.4888346	-2.2343721	0.21929647	-0.66677654	-0.8210165	0.6835513874314767	0.2497227965063987	0.012906824316864	0.0255820332518779	0.8264441978751607	0.5050011045813121	0.4117465699867503	PSTVd_S23_pval & PSTVd_M_pval	0	Solyc12g007180	1.0
Solyc12g009240	Ethylene-responsive transcription factor (AHRD V3.3 *-* A0A2G3BP26_CAPCH)	ERF	mRNA:Solyc12g009240.1.1	-3.6834841533443	-2.19967075726535	-5.65496037763059	-3.78733326953113	2.60385818114055	-14.9826855169517	0.674522632583027	1.8512875	1.164483	1.60134	1.1237538	2.2864377	0.9465511	0.52268004	0.0642933697183235	0.2443840439916133	0.1094786658184035	0.2612686819769478	0.0223453740500533	0.3439957668294831	0.6012618290623055	Bcinerea_pval	7	Solyc12g009240	2.0
Solyc12g009240	Ethylene-responsive transcription factor (AHRD V3.3 *-* A0A2G3BP26_CAPCH)	ERF	mRNA:Solyc12g009240.1.1	-3.6834841533443	-2.19967075726535	-5.65496037763059	-3.78733326953113	2.60385818114055	-14.9826855169517	0.674522632583027	1.8512875	1.164483	1.60134	1.1237538	2.2864377	0.9465511	0.52268004	0.0642933697183235	0.2443840439916133	0.1094786658184035	0.2612686819769478	0.0223453740500533	0.3439957668294831	0.6012618290623055	Bcinerea_pval	9	Solyc12g009240	3.0
Solyc12g009240	Ethylene-responsive transcription factor (AHRD V3.3 *-* A0A2G3BP26_CAPCH)	ERF	mRNA:Solyc12g009240.1.1	-3.6834841533443	-2.19967075726535	-5.65496037763059	-3.78733326953113	2.60385818114055	-14.9826855169517	0.674522632583027	1.8512875	1.164483	1.60134	1.1237538	2.2864377	0.9465511	0.52268004	0.0642933697183235	0.2443840439916133	0.1094786658184035	0.2612686819769478	0.0223453740500533	0.3439957668294831	0.6012618290623055	Bcinerea_pval	18	Solyc12g009240	3.0
Solyc12g009240	Ethylene-responsive transcription factor (AHRD V3.3 *-* A0A2G3BP26_CAPCH)	ERF	mRNA:Solyc12g009240.1.1	-3.6834841533443	-2.19967075726535	-5.65496037763059	-3.78733326953113	2.60385818114055	-14.9826855169517	0.674522632583027	1.8512875	1.164483	1.60134	1.1237538	2.2864377	0.9465511	0.52268004	0.0642933697183235	0.2443840439916133	0.1094786658184035	0.2612686819769478	0.0223453740500533	0.3439957668294831	0.6012618290623055	Bcinerea_pval	19	Solyc12g009240	4.0
Solyc12g014610	WRKY transcription factor  20	WRKY	mRNA:Solyc12g014610.2.1	-3.56058062466907	-2.90287209901886	1.58321299949255	0.172953553003102	-6.63955271166614	-4.15388404572743	-2.70639950198219	1.5561688	2.3092875	2.3338997	2.7186472	2.265019	-2.1759484	0.010813783	0.1198453302485862	0.021041371043035	0.0197115072677331	0.0066184309474962	0.0236310052335674	0.0296899628444316	0.9913732268063082	Cfulvum_pval & PSTVd_S23_pval & PSTVd_M_pval & Bcinerea_pval & Mincognita_7dpi_pval	13	Solyc12g014610	3.0
Solyc12g077540	Trihelix transcription factor GT.1	Trihelix	mRNA:Solyc12g077540.3.1	-1.36265481058506	0.186734942290048	1.62709353085976	1.4449839021882	-1.4990877878716	0.434582280958258	1.34981919160752	0.022306085	0.6660435	-0.6373795	-1.3500764	0.064882986	-0.5817164	-0.5002436	0.9822062897706814	0.5054693959426491	0.5239594480145717	0.1771627240637994	0.948274436408736	0.560831205802421	0.6169652585645438		0	Solyc12g077540	1.0
Solyc12g077540	Trihelix transcription factor GT.1	Trihelix	mRNA:Solyc12g077540.3.1	-1.36265481058506	0.186734942290048	1.62709353085976	1.4449839021882	-1.4990877878716	0.434582280958258	1.34981919160752	0.022306085	0.6660435	-0.6373795	-1.3500764	0.064882986	-0.5817164	-0.5002436	0.9822062897706814	0.5054693959426491	0.5239594480145717	0.1771627240637994	0.948274436408736	0.560831205802421	0.6169652585645438		2	Solyc12g077540	1.0
Solyc12g056510	Trihelix transcription factor GT.1	Trihelix	mRNA:Solyc12g056510.3.1	-8.37250118389837	-5.07498649999049	-1.20541793267118	-1.66408290636743	-8.65389116605708	-12.5603709107721	-6.83076568451743	0.67165804	-0.04201389	-0.02937739	-0.6847931	0.21606481	0.59879804	-0.51216626	0.5018883829392928	0.966492325878739	0.9765668913331936	0.4935634366348322	0.8289619298693112	0.549383594359701	0.6085980496979622		0	Solyc12g056510	1.0
Solyc12g056510	Trihelix transcription factor GT.1	Trihelix	mRNA:Solyc12g056510.3.1	-8.37250118389837	-5.07498649999049	-1.20541793267118	-1.66408290636743	-8.65389116605708	-12.5603709107721	-6.83076568451743	0.67165804	-0.04201389	-0.02937739	-0.6847931	0.21606481	0.59879804	-0.51216626	0.5018883829392928	0.966492325878739	0.9765668913331936	0.4935634366348322	0.8289619298693112	0.549383594359701	0.6085980496979622		2	Solyc12g056510	1.0
Solyc12g099370	GATA transcription factor 23 (AHRD V3.3 *** A0A2G2VJP8_CAPBA)	GATA	mRNA:Solyc12g099370.2.1	-4.54334617773696	5.44281985912585	-1.53557480924379	-0.874021967851591	4.34499785768458	0.233047104289456	2.21625198796976	1.0617126	0.6981341	-1.118574	-1.6254332	1.1603419	-0.8792595	-2.18192	0.2885098711282777	0.4851843036785959	0.2634725036211556	0.1042469136882856	0.246064901732238	0.3793789894592646	0.0292455281390572	Mincognita_14dpi_pval	0	Solyc12g099370	1.0
Solyc12g099370	GATA transcription factor 23 (AHRD V3.3 *** A0A2G2VJP8_CAPBA)	GATA	mRNA:Solyc12g099370.2.1	-4.54334617773696	5.44281985912585	-1.53557480924379	-0.874021967851591	4.34499785768458	0.233047104289456	2.21625198796976	1.0617126	0.6981341	-1.118574	-1.6254332	1.1603419	-0.8792595	-2.18192	0.2885098711282777	0.4851843036785959	0.2634725036211556	0.1042469136882856	0.246064901732238	0.3793789894592646	0.0292455281390572	Mincognita_14dpi_pval	7	Solyc12g099370	2.0
