OLN	Description	Family	Clusters	MegaCluster	In_Degree	Out_Degree	Total_Degree	stats_Pinfestans	stats_Cfulvum	stats_PSTVd_S23	stats_PSTVd_M	stats_Bcinerea	stats_Mincognita_7dpi	stats_Mincognita_14dpi	padj_Pinfestans	padj_Cfulvum	padj_PSTVd_S23	padj_PSTVd_M	padj_Bcinerea	padj_Mincognita_7dpi	padj_Mincognita_14dpi	Groups_DEA	Pinfestans_acts	Cfulvum_acts	PSTVd_S23_acts	PSTVd_M_acts	Bcinerea_acts	Mincognita_7dpi_acts	Mincognita_14dpi_acts	Pinfestans_pval	Cfulvum_pval	PSTVd_S23_pval	PSTVd_M_pval	Bcinerea_pval	Mincognita_7dpi_pval	Mincognita_14dpi_pval	Groups
Solyc01g065540	Two-component response regulator (AHRD V3.3 *** A0A2G3DGB4_CAPCH)	ARR-B	[0, 2]	[1.0]	0	13	13	-4.45509468446153	0.180275973505066	-1.75011871538846	-1.42672641118548	-2.65671658574339	1.48822659923077	-0.471908074844261	2.44765170620191e-05	0.775129231038816	0.291140587075679	0.339798423831137	0.0127573635136791	0.335651568651526	0.78377738415423	Pinfestans & Bcinerea	-0.23314704	-0.016132006	-0.7564255	-0.028393175	0.72348124	0.2691778	0.15605414	0.8156739751047003	0.987130883248792	0.4494939991653965	0.9773517429386408	0.469479124424807	0.787823994366697	0.8760080029984815	
Solyc01g087990	MADS-box transcription factor (AHRD V3.3 *** Q75V01_9ASPA)	MIKC_MADS	[0, 2]	[1.0]	1	16	17	4.22155908951027	1.44422592278133	-4.22418283345173	-2.1882235114213	10.7988382441011	11.2642342385651	5.25311504454549	5.79407082853602e-05	0.18161796359204	0.0011812091402512	0.121244656044884	4.86523084007834e-26	4.8236347484974295e-28	6.00956294491494e-07	Pinfestans & PSTVd_S23 & Bcinerea & Mincognita_7dpi & Mincognita_14dpi	-1.537193	-0.7279048	0.4246064	0.58001834	0.3014853	-0.4305676	-0.6281631	0.1244233982998671	0.466767389181608	0.6711748181937169	0.5619754938427055	0.7630795946493396	0.6668348204486879	0.5299775047337366	
Solyc01g095460	Common plant regulatory factor.1	bZIP	[3, 5]	[1.0]	5	80	85	5.34749634947618	0.349681715654322	0.460055907909551	4.69262597690315	-9.24177438508552	-1.46166381886461	-0.264977225852243	4.34894003428353e-07	0.703070942062305	0.76179078027532	4.93164599948343e-05	3.64036167578949e-19	0.190993493923103	1.0	Pinfestans & PSTVd_M & Bcinerea	-1.1325898	-3.4584143	1.0310466	1.3687421	-4.2593174	-2.2964501	-0.09364092	0.2575387436547875	0.0005561279457259	0.3026587107058886	0.1712522224572971	2.157322597947745e-05	0.0217655681183319	0.9254049151317408	Cfulvum_pval & Bcinerea_pval & Mincognita_7dpi_pval
Solyc01g102300	bHLH transcription factor 006	bHLH	[0, 2, 3, 5]	[1.0]	0	69	69	1.88330684003103	-3.50440769816763	1.28575102949006	-0.774195429212739	-2.61921224652263	-0.49541054774084	6.13316022466605	0.0823102394788111	0.002156390822712	0.490703058298498	0.91341323262785	0.0121206254772718	0.91802754536232	6.766467207192191e-09	Cfulvum & Bcinerea & Mincognita_14dpi	0.17881885	-2.068097	-0.9554584	-0.48193705	-1.4472659	-1.1746689	-1.5440441	0.8581002468990995	0.0387747250959813	0.3394753800556438	0.629909781090239	0.1479981666831451	0.2402839699608669	0.1227549972550204	Cfulvum_pval
Solyc01g103050	Auxin Response Factor 1	ARF	[7]	[2.0]	1	11	12	-1.67201698940475	1.73062158477251	4.83724714211887	4.50753171228583	-0.539530271374784	-5.23664734560379	-1.99975436153472	0.176989984203637	0.191064221449722	4.05145306691415e-05	9.67406878295763e-05	1.0	1.13216079225459e-06	0.130000983790236	PSTVd_S23 & PSTVd_M & Mincognita_7dpi	-1.4599746	-2.2880647	-0.44591546	0.036439124	-1.9456236	1.3804404	-0.19575378	0.1444731091984559	0.0222502532853554	0.6557124248855978	0.9709362947638808	0.0518568401210849	0.1676240370069455	0.8448251792308856	Cfulvum_pval
Solyc01g104760	Sequence-specific DNA binding transcription factor (AHRD V3.3 *** A0A2K3PC30_TRIPR)	Trihelix	[0, 2]	[1.0]	1	19	20	3.28301201726847	1.72545789500516	-2.32972218149417	-1.20010291843185	4.79869553505065	-4.38465873991039	-0.0675179227026878	0.0017811293660843	0.133978369755355	1.0	1.0	5.69676078917246e-06	4.2764584103262e-05	1.0	Pinfestans & Bcinerea & Mincognita_7dpi	-0.9607021	1.4309603	-1.34166	-1.6572936	-0.18653965	-1.8282429	-1.9062264	0.3368321510740125	0.1526167321703029	0.1798770026536969	0.0976359650806803	0.8520427975075381	0.0676800147265622	0.0567813873256029	
Solyc01g108080	ABSCISIC ACID-INSENSITIVE 5-like protein 7 (AHRD V3.3 *** A0A2G3BV73_CAPCH)	bZIP	[3, 5]	[1.0]	0	12	12	5.51889764850305	0.220491815441549	6.03856708548446	4.9076186204571	-0.190828408576304	-10.6877432525461	-1.05154458329299	1.80113014484399e-07	0.767428808177685	1.85935353230195e-07	1.97957562225866e-05	0.98774040659764	2.7534885180572203e-25	0.509122830839304	Pinfestans & PSTVd_S23 & PSTVd_M & Mincognita_7dpi	0.0016325219	0.032589223	1.2012453	0.74889827	-1.0518122	-2.7310674	1.4507517	0.9986976191127108	0.9740058093960584	0.2298155115621903	0.454017250926793	0.2930281796129982	0.0063751076910498	0.1470248226833108	Mincognita_7dpi_pval
Solyc02g062950	G-box binding	bZIP	[3, 5]	[1.0]	0	85	85	-3.93265519239988	-1.71463703391141	2.43548470325924	1.48015878021916	-8.0919509497788	-11.1863559886131	-1.70961850212671	0.0002248866291124	0.148541200291159	0.0670043508148536	0.281807554467304	6.57385836379834e-15	1.61727699104668e-27	0.179572573185551	Pinfestans & Bcinerea & Mincognita_7dpi	-0.83214414	-2.4224627	0.75185674	0.25254908	-3.4513252	-2.7834253	-0.101566136	0.4054389628416527	0.0155147441854573	0.452236391197348	0.8006457751220226	0.0005708432789367	0.0054355378423888	0.9191124736006988	Cfulvum_pval & Bcinerea_pval & Mincognita_7dpi_pval
Solyc02g077840	Ethylene-responsive transcription factor 4 (AHRD V3.3 *-* A0A2G3D5H4_CAPCH)	ERF	[3, 5]	[1.0]	2	146	148	-5.5243338432811	2.76635778977762	2.54706550126093	4.09341688931093	-1.17415660290909	-1.19003894389221	2.99421122512509	1.35384545470125e-07	0.0138615469392844	0.0857221670524842	0.0009509795398214	0.258828902535351	0.523364327988125	0.0053563106811119	Pinfestans & Cfulvum & PSTVd_M & Mincognita_14dpi	3.0585313	2.0344052	2.171285	1.2260208	3.896799	2.3341498	2.4351833	0.002257327874312	0.0420583903641564	0.0300410666389741	0.2203526511391568	0.0001010734535252	0.019698379577977	0.0149816473908389	Pinfestans_pval & Cfulvum_pval & PSTVd_S23_pval & Bcinerea_pval & Mincognita_7dpi_pval & Mincognita_14dpi_pval
Solyc02g084350	NAC domain-containing protein (AHRD V3.3 *** A0A2K3PFA3_TRIPR)	NAC	[0, 2, 3, 5]	[1.0]	3	32	35	-2.07693662890601	1.13014706500365	-2.16638595114971	-0.958448032409559	-0.809605894022343	3.68474996362685	4.89717472345084	0.0467044623148308	0.277226929577491	0.216202403744938	0.660959801584338	0.289892719615666	0.0005761335988245	3.33461103370302e-06	Pinfestans & Mincognita_7dpi & Mincognita_14dpi	-0.8442685	2.9517183	0.54896957	0.15128288	0.14846724	0.46939176	0.9303552	0.3986325809939202	0.0032013617538168	0.5830950346053735	0.879769680366616	0.8819908149985656	0.6388469958734904	0.3523130833464822	Cfulvum_pval
Solyc02g085580	Protein indeterminate-domain.1	C2H2	[0, 3]	[1.0]	6	31	37	-3.67148648918415	1.4754373533478	1.81692011036608	1.20634201988712	0.643157942663053	-2.85955279818438	-3.74848391260441	0.0006009783811263	0.2690844294964	0.195228703935401	0.447571414900116	0.804296163463	0.0108495973608387	0.0006864763421555	Pinfestans & Mincognita_7dpi & Mincognita_14dpi	-0.47736484	-0.08680145	0.74075836	0.8258479	-0.2960707	-0.372277	-1.5477337	0.6331608230077317	0.93083907848969	0.4589374512855879	0.4090007891721374	0.7672105525216717	0.7097308446512935	0.1218637989186946	
Solyc02g086930	Homeobox-leucine zipper protein HAT5 (AHRD V3.3 *** A0A2G2XIE8_CAPBA)	HD-ZIP	[7, 8]	[0.0, 2.0]	2	3	5	-2.38964779447227	2.09496763771638	0.990496772487975	2.65892042976093	-0.615751824325966	-20.7739065972886	-13.3111116723781	0.0378534914174988	0.0962247249457614	0.514097843538381	0.0345358602327438	0.886097272967544	2.3078823342110303e-93	1.46912515926717e-38	Pinfestans & PSTVd_M & Mincognita_7dpi & Mincognita_14dpi															
Solyc02g090220	Dof zinc finger protein PBF (AHRD V3.3 *** A0A2G3D8X0_CAPCH)	Dof	[0, 2]	[1.0]	0	161	161	-0.156475173874201	0.186094300973213	0.554427350817651	1.3830316300012	-0.968442785435038	-0.0039246064620006	-1.28151449500965	0.749449045598846	1.0	1.0	0.434496923371052	1.0	0.914391947963898	0.298848420002507		-3.2965045	-2.4841032	-2.3740456	-1.2702674	-2.456258	-0.62221164	-0.6038613	0.0009981772668655	0.0130789807889098	0.0176996839924035	0.2041550486787762	0.0141339307262817	0.5338822288550614	0.5460126534809643	Pinfestans_pval & Cfulvum_pval & PSTVd_S23_pval & Bcinerea_pval
Solyc02g092930	R2R3MYB transcription factor  44	MYB	[10]	[0.0]	2	1	3	-4.53936756481638	-0.53313658925953	-0.50140259639753	1.79928793226015	-10.0981183618389	-5.88233839831323	-12.5626677404528	1.83207698894449e-05	0.592785579417708	0.732132327945139	0.19892999121387	1.25519260641351e-22	2.6994413725929e-08	2.1352084237871197e-34	Pinfestans & Bcinerea & Mincognita_7dpi & Mincognita_14dpi															
Solyc03g026270	CRT binding factor 3 (AHRD V3.3 *** B3TPP7_SOLPI)	ERF	[0]	[1.0]	0	34	34	-2.54926949978444	-2.66896618009582	0.477044837276297	2.98592038951424	-5.01941921168218	-9.17984462912346	7.34990987828686	0.0116587202840694	0.100394993769061	1.0	0.0222418546534079	1.82976306511341e-06	6.011607304762742e-19	1.85251967023802e-12	Pinfestans & PSTVd_M & Bcinerea & Mincognita_7dpi & Mincognita_14dpi	1.0060674	0.3088391	0.5115531	1.213233	-0.574305	2.2930908	0.69748574	0.3145195865566125	0.7574799761012281	0.6090271192327539	0.2252013635605842	0.5658338314908593	0.0219586245570231	0.4855897432426395	Mincognita_7dpi_pval
Solyc03g026280	C-repeat binding factor 1	ERF	[0]	[1.0]	0	61	61	-6.5002009121832	-5.15276431660275	-4.60576393531572	-0.567350435399058	-6.98595129289098	-2.43951195369053	1.2817162190197	4.31767592139074e-10	2.43430018006585e-06	0.0001845970565204	0.687759262491147	2.0742861376584e-11	0.0307024862452798	0.444041498298973	Pinfestans & Cfulvum & PSTVd_S23 & Bcinerea & Mincognita_7dpi	0.8685041	0.70022404	0.9859029	1.3738221	-0.14211918	1.8578088	0.22860947	0.3852352435562155	0.4838787021393107	0.3243144509875889	0.1696695120564423	0.8870019126656992	0.0633608160353705	0.819198662848842	
Solyc03g093550	Ethylene-responsive transcription factor 5 (AHRD V3.3 *** A0A2G3CVP7_CAPCH)	ERF	[7]	[2.0]	2	250	252	-8.13348048936033	-5.86252307116249	-3.95853797350661	-2.68830755437606	-5.17771655107271	-6.04014372747953	4.89270397227802	4.576885025972341e-15	6.68344109635302e-08	0.0021230553417307	0.042965612679488	1.04393299950156e-06	1.12326782608374e-08	4.01220540316911e-06	Pinfestans & Cfulvum & PSTVd_S23 & PSTVd_M & Bcinerea & Mincognita_7dpi & Mincognita_14dpi	0.9421871	1.9300027	1.0242134	1.0572301	2.659571	1.3154234	2.3846307	0.3462244383597436	0.0537648699771998	0.305873332357969	0.2905497153924178	0.0078940484386796	0.1885366864841505	0.0172002064814104	Bcinerea_pval & Mincognita_14dpi_pval
Solyc03g097120	Heat stress transcription factor A.1	HSF	[0, 2]	[1.0]	0	33	33	5.62728572141864	-1.36622392609609	1.52644319133857	-0.0046210556039296	-3.25358431249422	-10.1320770644349	0.541794891890369	8.46963546074826e-08	0.227332683188411	0.298885529772746	1.0	0.0035206747095628	1.26650225791246e-22	0.614115741258702	Pinfestans & Bcinerea & Mincognita_7dpi	-0.7984153	1.3306677	-1.2988417	-0.38763177	1.8664842	1.3439156	2.6772146	0.4247357957042884	0.1834684157722869	0.1941661043200787	0.6983347938001503	0.0621376073077431	0.1791465733602503	0.0074917415925501	Mincognita_14dpi_pval
Solyc03g112930	Dof zinc finger protein (AHRD V3.3 *** A0A2K3NDY2_TRIPR)	Dof	[3]	[1.0]	4	117	121	-2.32340267119408	-1.41960717647249	-2.42225461755771	0.416510843350707	-2.28884686864733	6.75969019870459	-2.17150541644517	0.0320405676326538	0.222722487607487	0.124270946589895	0.91635770892674	0.0209406254077032	1.33704718569344e-10	0.0446537919891207	Pinfestans & Bcinerea & Mincognita_7dpi & Mincognita_14dpi	-1.4222733	-1.1310178	-0.4026579	-1.0416218	-0.72944665	0.40329227	1.1769701	0.1551217449988369	0.2581996166868703	0.6872481548552528	0.2977281904192176	0.4658242487355687	0.6867815568299573	0.2393644366892215	
Solyc03g113760	E2F transcription factor-like E2FE (AHRD V3.3 *** A0A1U8FXH9_CAPAN)	E2F/DP	[7]	[2.0]	1	57	58	2.51123022299169	-1.97975643503964	0.431779779129853	-0.59042033805286	-0.655409411235089	-1.15684227031659	-3.60478659858193	0.0169912582951805	0.070480462331916	1.0	1.0	0.510126970189004	0.464271683216296	0.0009417178932702	Pinfestans & Mincognita_14dpi	2.9148526	0.5107398	-1.2640866	-0.58328515	1.8112751	2.4410713	1.4798497	0.003602933617357	0.6095964582930242	0.2063640792359623	0.5597750821831436	0.0702663921507565	0.0147404079208074	0.1390899233858503	Pinfestans_pval & Mincognita_7dpi_pval
Solyc03g121660	Protein indeterminate-domain 7 (AHRD V3.3 *** A0A2G2V8T0_CAPBA)	C2H2	[0]	[1.0]	0	34	34	-2.91465490059655	2.99035147722724	-3.56671037031963	-3.31472041464578	-6.24576453926783	-5.73218168869621	-3.08963029266234	0.0082895666801048	0.0092216191848144	0.0041429215894147	0.0074078548860296	2.54382621905992e-09	5.25515369114568e-08	0.0062700838958814	Pinfestans & Cfulvum & PSTVd_S23 & PSTVd_M & Bcinerea & Mincognita_7dpi & Mincognita_14dpi	-0.007934008	0.039359104	-0.5173396	-0.19080134	0.059527006	-0.45252413	-0.7192283	0.9936705311670608	0.9686084888794604	0.6049832599015824	0.8487029508641079	0.9525390230107268	0.6509464664115452	0.4720944471642743	
Solyc04g005100	transcription factor MYB1R1-like (AHRD V3.3 *** A0A2I4GKI8_9ROSI)	MYB_related	[0, 2]	[1.0]	0	19	19	2.74902302678219	-0.490188111937413	2.2263077025239	1.61380779808604	8.02676969993454	-11.9349695557976	-2.94578687758606	0.0106654504023581	0.844301073844048	0.101223344502771	0.273407233557069	9.13888145966404e-15	3.28935220594696e-31	0.0143568749313342	Pinfestans & Bcinerea & Mincognita_7dpi & Mincognita_14dpi	-0.5647944	-0.328223	0.70835924	0.29780814	-1.6615098	1.039914	0.30506918	0.5722846104165882	0.7427815841415515	0.4788147384869535	0.7658842775340172	0.0967868104271762	0.2985207654815564	0.7603490518289588	
Solyc04g008870	Transcription factor DIVARICATA (AHRD V3.3 *** A0A2G2X9C5_CAPBA)	MYB	[0, 2]	[1.0]	0	29	29	-7.30809620896849	3.9815579008869	-0.27489633566269	-1.08722416869895	0.968161242918051	1.5178071751683	-0.476327337128282	2.0260207691852898e-12	0.0004129307952005	1.0	1.0	0.354463989850147	0.199865483439457	0.733500318184878	Pinfestans & Cfulvum	-1.9283094	-1.713521	0.9066521	-0.13042168	-2.992697	0.9068258	0.47963676	0.0539751726634328	0.0867904581304523	0.3647132447726958	0.8962475164065191	0.0028032072094922	0.3646213995043997	0.6315444972824806	Bcinerea_pval
Solyc04g009950	cell division cycle 5	MYB	[0, 2]	[1.0]	0	28	28	-4.97873798925869	-2.45925021924629	1.85458096017756	0.0761873882815016	1.73557387517633	0.927670783518735	2.43037629645417	2.68902312964407e-06	0.0306727481139174	0.188455087385386	0.808499995380527	0.166639556081864	0.609127843356359	0.0467467334645753	Pinfestans & Cfulvum & Mincognita_14dpi	0.29895046	1.9472255	1.5694215	1.9951633	1.0538741	1.6556439	0.5131978	0.7650126617426181	0.0516644307606124	0.1167270870774665	0.046176939857855	0.2920832556335934	0.097969820830455	0.6078765226703402	PSTVd_M_pval
Solyc04g056310	MYB transcription factor (AHRD V3.3 *-* A0A0U3IU11_MESCR)	MYB	[0]	[1.0]	4	26	30	4.12863109976991	-0.773614959388803	0.910126239491461	0.0119095018808882	0.0	-3.34885042737741	0.685000954359243	9.48910722428053e-05	1.0	1.0	1.0	1.0	0.0029861619250342	0.50799414300668	Pinfestans & Mincognita_7dpi	2.6714704	1.3477879	-0.0401661	-0.8427759	2.1414952	0.48982805	0.2087313	0.0076206524104164	0.1778977460875421	0.9679651995080572	0.3994667725914113	0.0323692294487523	0.6243158065968712	0.8346818381327312	Pinfestans_pval & Bcinerea_pval
Solyc04g072900	dehydration-responsive element binding protein 3	ERF	[7]	[2.0]	2	109	111	-2.61348535032384	2.15811554584988	-1.31747975566919	0.80001788602019	-5.11463498902337	2.81594953277585	13.9923882955255	0.0187314339095579	0.0601080051125847	0.372428507987241	0.573920673915597	2.04212535828213e-06	0.0114918429672828	1.4673880042914298e-42	Pinfestans & Bcinerea & Mincognita_7dpi & Mincognita_14dpi	0.2106059	0.298784	2.4102423	2.4012444	0.25654143	0.010279532	0.9508495	0.8332188559887257	0.7651396676471194	0.016042541584461	0.0164411967675963	0.797562373428331	0.9917994142429906	0.3418095908053178	PSTVd_S23_pval & PSTVd_M_pval
Solyc04g074170	MYB transcription factor (AHRD V3.3 *-* A0A0U3IU11_MESCR)	MYB	[2]	[1.0]	0	94	94	4.46072269388516	-0.525718838302941	-0.505455977114702	-0.618485987307046	0.0	4.54005349140822	2.67076761118505	2.38848321337557e-05	1.0	1.0	1.0	1.0	9.30213281776231e-06	0.0178634850435669	Pinfestans & Mincognita_7dpi & Mincognita_14dpi	2.3735383	-0.9497964	-0.21384816	-0.96683306	0.5953013	-0.14614226	-0.59287584	0.0177239408249226	0.3423443740315423	0.8306899053606283	0.3337585431635975	0.5517176106545392	0.8838255973496227	0.5533393934444051	Pinfestans_pval
Solyc04g077980	C2H2-type zinc finger protein	C2H2	[12]	[0.0]	3	41	44	-1.04682669184862	-0.391113219521896	-0.712193033915438	4.41108399271348	4.52516430524298	-8.80033627027944	0.744562324671411	0.433482680636522	0.663399144819806	0.647974937847336	0.0001430523040729	4.94074122533673e-05	2.2559132331453402e-17	0.918957764680442	PSTVd_M & Bcinerea & Mincognita_7dpi	-1.2556593	-0.14245434	-1.1872033	-0.9449269	0.44017735	0.034089826	0.7316334	0.2094039361575023	0.8867372280565768	0.2353054978798389	0.3448241444814945	0.6598619857538386	0.9728093349779704	0.464488432724531	
Solyc04g078770	Heat stress transcription factor B-4 (AHRD V3.11 *** tr|A0A2G2Y0E5|A0A2G2Y0E5_CAPAN)	HSF	[0, 2]	[1.0]	0	46	46	-4.2045576650405	-0.594210186993699	-0.431313560408206	-2.18197944345517	-0.518201355419027	-3.41990857441854	1.00721624001213	5.86039424273103e-05	0.731030807701934	1.0	0.200862812341393	0.398741124347117	0.0016172097152366	0.442866422708229	Pinfestans & Mincognita_7dpi	-1.6675135	-0.4512744	-1.4337629	-0.8793352	2.4704876	0.5141122	2.696457	0.0955878527640016	0.6518466456337422	0.1518151718292485	0.3793379676409939	0.0135857889426659	0.6072372404163908	0.0070740470080133	Bcinerea_pval & Mincognita_14dpi_pval
Solyc04g078840	AREB	bZIP	[3, 5]	[1.0]	4	94	98	11.3628586725831	3.26344352775792	1.48142205843494	2.96515995040583	0.908309120385652	-7.12809897108134	4.16627319749071	2.13741802379159e-28	0.004657853435669	0.46387690788217	0.0185703151185741	0.470579324831676	8.051612222976629e-12	0.0001084886281278	Pinfestans & Cfulvum & PSTVd_M & Mincognita_7dpi & Mincognita_14dpi	-0.49884078	-1.7752532	0.4344628	0.19302455	-2.9509861	-2.7522895	0.15439017	0.6179530577912138	0.0760265527267197	0.6640049551955134	0.8469617163765855	0.0032089228963182	0.0059779306716655	0.8773195663997448	Bcinerea_pval & Mincognita_7dpi_pval
Solyc04g082480	Plant regulator RWP-RK family protein, putative (AHRD V3.3 *** A0A061FD78_THECC)	Nin-like	[13, 14]	[0.0, 3.0]	2	138	140	2.772125206703	-2.32399137564421	-1.9225129028757	-2.88164919412349	7.90988135666431	-6.64385730736263	0.665138670469929	0.0096178077463623	0.0745316592279408	0.185174318601152	0.0198601804580478	1.7106595204849e-14	2.82190359855743e-10	1.0	Pinfestans & PSTVd_M & Bcinerea & Mincognita_7dpi	-1.6819705	-0.3517333	0.52659494	-0.84882605	0.31314525	-1.1350449	-0.59310925	0.0927495748965349	0.7250798258769713	0.5985403726148653	0.3960919729248067	0.7542069162024476	0.2565089662078058	0.5531832193394789	
Solyc05g006650	bHLH transcription factor 036	bHLH	[3, 5]	[1.0]	0	96	96	-2.71368794028797	-3.82752486257723	-0.76555355175011	-0.66316276227063	-5.54533158423204	-1.38314328676772	-6.00847428425948	0.011260911171884	0.0009564961931942	0.867082105593425	0.704346681162812	1.30887744267857e-07	0.28456709500414	9.08373424436582e-09	Pinfestans & Cfulvum & Bcinerea & Mincognita_14dpi	0.3782799	-1.5272292	0.6275878	1.7334319	-1.3763654	-2.0819657	-0.4325699	0.7052676858796991	0.1268812961181771	0.5303543236204344	0.0831917043951225	0.1688812520874714	0.0374878318623263	0.6653795508321174	Mincognita_7dpi_pval
Solyc05g007180	jasmonic acid 1	HD-ZIP	[1, 2]	[0.0, 1.0]	0	3	3	-2.66824718128156	-3.1601153907324	-5.39530556829351	-5.67700999717256	-11.0330759748888	5.70720712728282	3.43067436643351	0.0133123915715737	0.0041303880639179	4.78122729778044e-06	5.47055434677172e-07	5.13948064467994e-27	1.14421183270179e-07	0.0010813077019078	Pinfestans & Cfulvum & PSTVd_S23 & PSTVd_M & Bcinerea & Mincognita_7dpi & Mincognita_14dpi															
Solyc05g012500	WRKY transcription factor 57	WRKY	[0, 2]	[1.0]	0	22	22	1.30236224543819	2.40038604461566	3.84426942898602	5.46087623687707	-3.5276690675412	4.33894909034378	6.34691464199307	0.215925372603141	0.0384639066603296	0.0017532213785927	1.4159295230761e-06	0.0010133822647133	6.35948011797681e-05	2.22623864129507e-09	Cfulvum & PSTVd_S23 & PSTVd_M & Bcinerea & Mincognita_7dpi & Mincognita_14dpi	1.9592198	3.4486096	3.194366	3.250946	3.0505064	-1.4219997	-0.15558003	0.0502425914199275	0.000576575696814	0.0014258542389219	0.0011716551240615	0.0023182078736897	0.1552011413338797	0.8763816689349986	Cfulvum_pval & PSTVd_S23_pval & PSTVd_M_pval & Bcinerea_pval
Solyc05g015840	Squamosa promoter binding protein 13	SBP	[0, 2]	[1.0]	0	5	5	-1.09862833469194	4.70949772164587	0.533650917640725	0.779553051428247	-2.06741609804777	0.492693316919226	-2.1869993690297	0.434426311216488	1.40606650541592e-05	1.0	1.0	0.0877643537832662	0.810817688279628	0.0671809878781891	Cfulvum	0.026889535	-0.6193179	-0.24698958	0.22326852	-0.15151101	-0.091334455	-0.58030444	0.9785508480524704	0.535786041425556	0.8049447083625603	0.823352084644644	0.8795897541255812	0.9272370953060328	0.5617826181583037	
Solyc05g026180	NAC domain (AHRD V3.3 *** A0A200QDG2_9MAGN)	NAC	[2]	[1.0]	0	41	41	0.0844319261491262	-0.0156988952841537	-1.64758484038538	-0.93901682011751	-1.45921289433552	0.375010222321651	2.96391666659011	0.925564010869922	0.80318595633706	0.378967146173768	0.924301189917867	0.171998979143854	0.692338890166992	0.0078939628859507	Mincognita_14dpi	1.1449951	1.4523067	-0.08934771	0.43138355	0.7992129	-0.06275432	1.557319	0.2523647729706999	0.1465921778506476	0.928815605420889	0.6662416309438722	0.4242733801011946	0.9499691729030392	0.1195721255661385	
Solyc06g048630	methionine sulfoxide reductase A1	bZIP	[0, 2]	[1.0]	0	52	52	0.121578981272634	-4.52124603012665	-0.451463491996791	1.82879269780327	-4.33224421228526	-0.420564041568852	-2.50396921371096	0.869650787385311	3.75044781002823e-05	0.661635318688262	0.174128737075158	4.16702897865129e-05	0.886656013367535	0.0468210681172353	Cfulvum & Bcinerea & Mincognita_14dpi	0.05655265	-1.4051459	-0.16254848	1.3993387	-2.1610055	-1.5461037	-3.2621655	0.9549078879845548	0.1601520068537386	0.8708923612433948	0.161885278273537	0.0308276176335196	0.1222568836636541	0.0011265189295566	Bcinerea_pval & Mincognita_14dpi_pval
Solyc06g051840	Solanum lycopersicum Cytokinin Response Factor 6	ERF	[2]	[1.0]	2	315	317	0.630138493985813	-0.469250427421424	-0.987406514311344	1.21932046613917	-3.57015632452956	0.336295314276497	-0.100476788915817	0.495646072553187	0.936088245250476	0.867621979615114	0.488017682208406	0.0004495263831089	0.715996867209128	0.801398214990862	Bcinerea	-0.17589636	2.2904212	1.6186762	0.6703081	1.1832588	1.9309268	1.356395	0.8603953269071636	0.0221131036636778	0.1056937151985428	0.5027481544011487	0.2368642594174304	0.0536503838984337	0.1751451499384236	Cfulvum_pval
Solyc06g053350	Basic-leucine zipper (BZIP) transcription factor family protein (AHRD V3.3 *** F4IQT9_ARATH)	bZIP	[11]	[3.0]	0	27	27	0.663854102001065	-0.614839867073742	0.0697410926338141	0.597798701429266	-1.70329255056041	4.25682248615103	4.69253365030778	0.540523997859102	0.55166540427367	0.908713354730247	0.749823493095473	0.180908116971008	6.95316164714647e-05	9.17057709674529e-06	Mincognita_7dpi & Mincognita_14dpi	-0.040031474	-1.4741913	0.6898898	1.0154563	-2.1914647	-2.9786673	-2.502955	0.9680725129407528	0.1406065214686506	0.4903532282575632	0.3100260526816993	0.0285470785343728	0.0029341192102083	0.0124049144424325	Bcinerea_pval & Mincognita_7dpi_pval & Mincognita_14dpi_pval
Solyc06g065040	bHLH transcription factor 086	bHLH	[0, 2]	[1.0]	0	38	38	4.33379091343207	-2.2293081601542	1.39256591883625	1.27426829255933	1.53934337755181	-1.67723313317795	-0.898638171955917	3.93776576183785e-05	0.0705235693655806	0.444070013813284	0.367524205075258	0.14992572111582	0.164305284269471	0.414234271493239	Pinfestans	-0.067635596	1.4104359	-1.0129088	0.58356255	0.84851915	-1.3547976	-2.275828	0.946083298037246	0.1585853388000023	0.3112410706446557	0.5595884278860608	0.3962627489323562	0.1756535870094071	0.0229744015731826	Mincognita_14dpi_pval
Solyc06g069460	TCP transcription factor 6	TCP	[0, 2, 3, 5]	[1.0]	2	34	36	-6.60947990320725	-1.16265163663101	0.0	0.0	-6.92177828769028	-0.926988021999733	-0.615636208692469	2.16152414371588e-10	0.389256026303821	1.0	1.0	1.61052856037144e-11	1.0	1.0	Pinfestans & Bcinerea	-1.4729416	-1.8816226	-1.3400383	-1.217834	-1.6153829	1.0447888	-0.3741272	0.1409431759360005	0.0600499738682031	0.1804035408838473	0.2234481087221921	0.106404620959856	0.2962621193043599	0.7083541362774821	
Solyc06g070900	TCP transcription factor 17	TCP	[3]	[1.0]	5	67	72	-8.36947563366802	-5.41871185861371	0.17573154507121	-1.30577277425849	-7.44513642846501	-0.787714908430242	0.692405549511236	5.52005443279384e-16	7.15339571556305e-07	1.0	0.669623823746515	6.24003400174822e-13	0.456434385322384	0.503956789164699	Pinfestans & Cfulvum & Bcinerea	-2.1076047	-2.4125488	-2.0906622	-1.7097801	-2.9607475	2.4614756	0.07034666	0.0352043966720763	0.0159417327506054	0.0366995618482784	0.0874804364707467	0.0031094456483641	0.0139307158061356	0.9439256288099672	Pinfestans_pval & Cfulvum_pval & PSTVd_S23_pval & Bcinerea_pval & Mincognita_7dpi_pval
Solyc06g071230	Transcription factor MYB1.1	MYB_related	[0, 2]	[1.0]	0	28	28	-0.528447558128997	-4.87788130840911	2.27392506714512	4.32489994196014	3.49677732048872	-21.0794765474452	-0.0361712236746802	1.0	1.04407536667857e-05	0.0581275372601554	0.0002316203674831	0.0015241717680456	3.10191016684828e-96	1.0	Cfulvum & PSTVd_M & Bcinerea & Mincognita_7dpi	-0.86024725	-0.2311377	0.5128065	2.0084236	-2.0043156	2.4125404	1.1660223	0.3897683500400992	0.817234338050843	0.6081501877110433	0.0447487647323679	0.0451871646586437	0.0159420964643272	0.2437612880046858	PSTVd_M_pval & Bcinerea_pval & Mincognita_7dpi_pval
Solyc06g071480	Dof zinc finger protein PBF (AHRD V3.3 *** A0A2G2WM24_CAPBA)	Dof	[3]	[1.0]	5	117	122	-1.37818777610422	-0.752448639062861	-1.35550749174512	1.01718147891472	-2.92908855323815	0.502740392308478	0.197754825946104	0.206158092338753	0.686390422840561	0.550954859949922	0.629425807361489	0.0047782780905488	0.68291282125499	1.0	Bcinerea	-1.4222733	-1.1310178	-0.4026579	-1.0416218	-0.72944665	0.40329227	1.1769701	0.1551217449988369	0.2581996166868703	0.6872481548552528	0.2977281904192176	0.4658242487355687	0.6867815568299573	0.2393644366892215	
Solyc06g074170	NAC domain-containing protein 40 (AHRD V3.3 *** A0A2G2ZDN9_CAPAN)	NAC	[3, 5]	[1.0]	6	41	47	-1.56256185795543	3.25224514394256	0.0336502159237381	0.995265498456721	2.29746130199121	7.13735414426174	0.18001627670923	0.132868259257017	0.0028324452897275	1.0	1.0	0.0264190697500597	8.051612222976629e-12	0.798169620268173	Cfulvum & Bcinerea & Mincognita_7dpi	-0.4585324	1.4003953	-0.23537032	-1.1559796	-1.2858086	0.5984845	1.4174867	0.6466258476496041	0.1615688775369375	0.8139483320765762	0.2478442714410733	0.1986767492044866	0.5495926634799818	0.1565153123572391	
Solyc06g082430	LOB domain-containing protein 15 (AHRD V3.3 *** A0A2G2V4N5_CAPBA)	LBD	[11, 16]	[0.0, 3.0]	0	180	180	7.43601816231119	-0.314758467548783	-0.361038321299231	0.495031605423117	2.58330060399561	-5.8285458578727	-5.61288718012245	8.12908916928648e-13	1.0	1.0	1.0	0.0058227651704383	3.14385587045915e-08	8.55676091345877e-08	Pinfestans & Bcinerea & Mincognita_7dpi & Mincognita_14dpi	-0.16339971	0.32734942	1.916477	0.90816253	1.3545951	1.8695972	0.71088547	0.8702222378586778	0.7434420209205356	0.0554640328725951	0.363915015487315	0.175718130903581	0.0617034699712281	0.4772481404443857	
Solyc07g026680	Transcription factor DIVARICATA (AHRD V3.3 *** A0A2G2X3T8_CAPBA)	MYB_related	[0, 2]	[1.0]	0	22	22	-1.87913621493276	7.02264423924768	0.762348710551082	0.431441704515025	-2.39821677863937	-1.76447687569581	5.06165673380016	0.0995998163012101	3.39601531669434e-11	0.62532681578291	0.811474054286903	0.0302963029657475	0.152248684955387	1.50838465989822e-06	Cfulvum & Bcinerea & Mincognita_14dpi	-0.34808898	-0.02248112	1.1402305	2.4318542	-0.8841201	2.1435163	-0.114684366	0.7278144280992478	0.9820666869411347	0.254343323037028	0.0151195778326009	0.3767505128893447	0.0322065224569266	0.9087082121064826	PSTVd_M_pval & Mincognita_7dpi_pval
Solyc07g053570	Zinc finger protein MAGPIE (AHRD V3.3 *** A0A2G2Z473_CAPAN)	C2H2	[0]	[1.0]	0	32	32	-5.28715333421921	3.26287054046193	-0.468093299316224	-2.56413361045872	0.296112182447495	-6.41855029622072	-0.722862548307659	4.70451672470752e-07	0.0032729214175719	1.0	0.0568227698248952	0.59234686543491	1.47090982634009e-09	0.487755902765295	Pinfestans & Cfulvum & Mincognita_7dpi	-0.39643475	0.37235275	0.5821838	0.7340921	-0.3220809	-0.31133533	-1.5021166	0.6918317437956272	0.7096744564087842	0.5605164627525665	0.4629890646696707	0.7474291358507537	0.755582090822134	0.1332439833023627	
Solyc07g054220	Ethylene-responsive transcription factor (AHRD V3.3 *** A0A2G3C0R2_CAPCH)	ERF	[3]	[1.0]	4	281	285	1.16262426762619	-0.0975684121894154	-2.2223885767987	-1.90114454130398	-1.4630305709392	-9.91002208326587	-2.32998307647395	0.287977821529324	1.0	0.132212789222547	0.181251403039842	0.21946100504929	6.50796239064802e-22	0.0304755528426781	Mincognita_7dpi & Mincognita_14dpi	0.6604697	0.78944385	2.7139366	1.7689711	2.1635664	1.1264868	2.608657	0.5090377186113603	0.4299575417571187	0.006712882210322	0.0770695361084886	0.0306300314815447	0.2601110371649053	0.009165749089103	PSTVd_S23_pval & Bcinerea_pval & Mincognita_14dpi_pval
Solyc07g063420	NAC domain-containing protein (AHRD V3.3 *** A0A2U1LQQ4_ARTAN)	NAC	[9, 13, 17, 18]	[3.0]	1	34	35	-8.12713368730909	-0.519122188425835	3.05897331107084	3.38992453196355	0.835490352729341	0.581262628550418	1.08615517830749	4.25209416357235e-15	0.532907134482786	0.0268350905405697	0.0067673457163412	0.371260537856046	0.846670735824735	0.362296832116165	Pinfestans & PSTVd_S23 & PSTVd_M	1.7968565	3.886101	1.314779	1.9585441	2.6204095	0.49688596	0.29191682	0.0725274927974351	0.0001055911024169	0.1887531587576819	0.0503218061605747	0.0088569596647577	0.6193307001435245	0.7703841657205376	Cfulvum_pval & Bcinerea_pval
Solyc07g066220	WRKY transcription factor 2	WRKY	[0, 3]	[1.0]	2	25	27	-1.61640706882888	-0.112009203087181	3.71400491506174	1.80636393610569	-2.2789122613236	-3.72223783900595	1.7561538180681	0.181903648857301	0.90319279305713	0.0015810769450355	0.177755630196213	0.0536647760079196	0.0006542442582014	0.208080170219159	PSTVd_S23 & Mincognita_7dpi	2.4995182	4.672714	1.7723768	2.790476	1.2966206	-0.36770418	-3.3021758	0.0125254563929267	3.1951512073677708e-06	0.0765026676291979	0.0053190621792218	0.1949294433024473	0.7131374391940382	0.0009783328492868	Pinfestans_pval & Cfulvum_pval & PSTVd_M_pval & Mincognita_14dpi_pval
Solyc08g005260	Homeodomain-like superfamily protein (AHRD V3.3 *** A0A2U1QD82_ARTAN)	G2-like	[0, 2, 4, 6]	[0.0, 1.0]	3	14	17	-6.78147058063856	1.34889598924807	1.30606762569353	1.34720035056805	-1.26453050137724	-1.27982195668182	2.36600687772928	6.530734712079819e-11	0.243307888554539	0.893943410255285	0.835370146065216	0.238002204403691	0.36267240359237	0.033196356871863	Pinfestans & Mincognita_14dpi	-1.2168696	-0.43626505	-0.02735112	0.7825454	0.54623526	0.032223023	-0.34304336	0.2238147917051171	0.6626972236243105	0.9781827429372054	0.4339979791060142	0.5849725313813048	0.974297800143806	0.7316062596982	
Solyc08g006020	NAC domain-containing protein (AHRD V3.3 *** A0A2G3AGF8_CAPAN)	NAC	[0, 2, 3, 5]	[1.0]	2	17	19	2.54951268518257	0.699749022819	-0.64080778613355	-2.35942316830592	-3.29718829804705	0.199561569170458	12.6814955327264	0.0182624442113933	0.757043902665653	0.944719616748752	0.188331172512811	0.0011632300374121	1.0	2.35448115828067e-35	Pinfestans & Bcinerea & Mincognita_14dpi	2.3062284	4.054872	2.8074768	3.223943	1.5031582	0.35103175	0.07159842	0.0212120125914769	5.232108115716634e-05	0.0050474408422361	0.0012872325246894	0.132975241135189	0.7256059770713992	0.9429295244331276	Pinfestans_pval & Cfulvum_pval & PSTVd_S23_pval & PSTVd_M_pval
Solyc08g061130	Transcription factor HY5 (AHRD V3.3 *** A0A1U8E2N7_CAPAN)	bZIP	[0, 2]	[1.0]	0	39	39	-1.50694326045402	1.97888351318967	-0.611114973453919	-0.283279635466223	2.38031715867141	-0.36356994340758	-3.10878583377947	0.166531600041313	0.117333611364233	1.0	1.0	0.0246672571400106	0.699305113534396	0.0037342315582149	Bcinerea & Mincognita_14dpi	-0.92050785	-1.1761212	1.5296264	2.9137516	-3.014358	-2.0645545	0.7722073	0.3574318864160881	0.2397033512607206	0.1262865223922801	0.0036156029180968	0.0026115420263743	0.0391094162239937	0.440093928913465	PSTVd_M_pval & Bcinerea_pval & Mincognita_7dpi_pval
Solyc08g066510	GATA transcription factor (AHRD V3.3 *** K4CLM7_SOLLC)	GATA	[7]	[2.0]	0	28	28	-0.0984135984305668	-1.30033501467376	-0.341772054166825	-0.72786619542296	-0.189860964195333	-10.3391348996939	-5.80800949432118	0.765195128212249	1.0	1.0	1.0	1.0	1.50213817834132e-23	3.66883297728647e-08	Mincognita_7dpi & Mincognita_14dpi	2.4024282	-1.043383	-0.5875115	-0.18067963	1.1032854	0.46389237	0.2995922	0.0163882577555625	0.2969123054270344	0.5569345934442296	0.8566395675000564	0.2700520304679183	0.6427814549687627	0.7645231366019277	Pinfestans_pval
Solyc08g077110	NAC domain-containing protein 45 (AHRD V3.3 *** A0A2G2XLA5_CAPBA)	NAC	[13]	[3.0]	0	46	46	4.05069717538652	4.50820379084964	1.74992263800465	4.26736567436603	-2.76407956385406	9.35200357770149	-7.1847134808872	0.0001297199674552	3.75597505416548e-05	0.276403656998915	0.0003027939609315	0.0094374108053928	2.19819429740144e-19	8.88242305330434e-12	Pinfestans & Cfulvum & PSTVd_M & Bcinerea & Mincognita_7dpi & Mincognita_14dpi	0.021913039	2.6069734	1.1837627	0.4163479	1.5751402	-0.055919338	0.62730163	0.9825197745395596	0.0092107596051524	0.2366647272855984	0.6772055361608886	0.1154013838378641	0.955412327142082	0.5305418077499335	Cfulvum_pval
Solyc08g080150	TCP transcription factor 20	TCP	[3, 5]	[1.0]	2	69	71	-5.68219856488229	-0.0164312957012744	-1.22970500451895	-4.20685383839821	-0.920504219575323	-7.57004663047448	0.182761989095457	6.70344011322822e-08	1.0	0.517356326497941	0.000383772676299	0.382391048890778	3.62914760029892e-13	0.72645563244455	Pinfestans & PSTVd_M & Mincognita_7dpi	-0.34301117	-1.7348474	-1.6124187	-0.940841	-1.9434725	2.0784454	-0.53335464	0.731630469340299	0.0829405409154809	0.1070477424476238	0.3469137109109282	0.0521161767477185	0.0378109889343041	0.5938545484135872	Mincognita_7dpi_pval
Solyc08g081610	WRKY family transcription factor (AHRD V3.3 *** A0A178V2E9_ARATH)	WRKY	[0, 2]	[1.0]	1	23	24	7.12635558086266	5.91339635930791	-0.69589467409233	0.241912123552534	2.77922459992421	0.410623741245571	-5.36234949993568	7.24726268723721e-12	3.8803995329379e-08	1.0	0.928016506779081	0.0088602247190295	0.802341789705895	3.30101701880544e-07	Pinfestans & Cfulvum & Bcinerea & Mincognita_14dpi	2.809861	3.1290581	2.164501	1.7060758	3.0622063	-2.833336	-2.1304085	0.0050103688534642	0.001782044512682	0.0305581927004802	0.0881680225609893	0.002229940550816	0.0046582931412127	0.0332743589258354	Pinfestans_pval & Cfulvum_pval & PSTVd_S23_pval & Bcinerea_pval & Mincognita_7dpi_pval & Mincognita_14dpi_pval
Solyc09g010820	Myb-related protein 3R.1	MYB	[13, 15]	[3.0]	2	23	25	-1.1220701548571	-0.855252339886769	0.460137157078828	0.888253235519525	4.24916728884711	-4.29391932556511	-0.27663623064707	0.305720054072323	0.617204904885577	0.757735353249335	0.605145629259579	5.95201262380636e-05	7.79485239918186e-05	0.745851125432055	Bcinerea & Mincognita_7dpi	2.365916	-2.0847383	-2.2604294	-0.36402944	-0.2597876	2.1918945	-0.91716146	0.0180918884503435	0.037234970239425	0.0239146958430526	0.7158791652092986	0.7950576011001397	0.0285159631698209	0.3591820047386629	Pinfestans_pval & Cfulvum_pval & PSTVd_S23_pval & Mincognita_7dpi_pval
Solyc10g018780	Squamosa promoter binding protein 8a	SBP	[0, 2]	[1.0]	1	12	13	-3.17735636838833	-0.812891948417366	-0.22271739216586	-0.401219024728096	-3.77828185028656	-0.899524882110694	-2.06265781481063	0.0025009399371873	0.477226637245118	1.0	1.0	0.0002672338430115	0.213461858816092	0.0660174043212266	Pinfestans & Bcinerea	0.031224396	-0.7211473	-1.5350189	-0.80165493	-0.7545608	0.8714422	0.8900646	0.9750940768314856	0.47091338410931	0.1249564987724975	0.4228593527566425	0.4506121253100759	0.3836300083968859	0.3735512103059843	
Solyc10g047640	GATA transcription factor 28 (AHRD V3.3 *** A0A2G3AWS2_CAPCH)	GATA	[16, 19]	[0.0, 4.0]	4	142	146	-3.06991811935003	-2.63769367188914	2.23026100492639	0.504631484954864	-2.58754343209486	5.15706160123455	6.48431977771451	0.0036163564913395	0.0271333605704754	0.098591015733594	0.796354612797153	0.0226395309632809	1.4515897668912e-06	5.05531815550572e-10	Pinfestans & Cfulvum & Bcinerea & Mincognita_7dpi & Mincognita_14dpi	0.25423205	-0.94413406	-0.14256099	-1.535767	0.05769067	-0.18260416	-0.84345573	0.7993455910193803	0.3452289913989534	0.8866530075277149	0.1247728684161065	0.9540014872112113	0.8551293646331299	0.399086689072563	
Solyc10g078700	Squamosa promoter binding protein 15	SBP	[0, 2]	[1.0]	1	10	11	-7.09571034958163	-3.25630189938438	-1.88939647335378	-2.08931805507465	-4.1863891668933	1.0273596580557	-4.575198529464	8.87679206260235e-12	0.0046698964565214	0.481238133335559	0.235064310505606	5.44994446859609e-05	0.380673060268757	1.73910554715978e-05	Pinfestans & Cfulvum & Bcinerea & Mincognita_14dpi	-0.9203387	-1.2601224	0.11175726	-0.99066097	-0.34468824	-0.06380719	-0.17492898	0.3575202248484348	0.2077900097383845	0.9110284460536552	0.3219855001421986	0.7303693914629497	0.9491309018953394	0.8611552901494335	
Solyc10g081350	ABSCISIC ACID-INSENSITIVE 5-like protein 2 (AHRD V3.3 *** A0A2G3BGU0_CAPCH)	bZIP	[3, 5]	[1.0]	2	93	95	-4.88457182344174	-4.21643401103052	-0.606656898970446	-0.480962741959096	-2.32312074249657	5.9784699628521	3.89475499273008	3.46287705949293e-06	0.0001315390912544	1.0	0.883132917457672	0.0302252576517717	1.62253384712462e-08	0.0002630044046303	Pinfestans & Cfulvum & Bcinerea & Mincognita_7dpi & Mincognita_14dpi	-1.1268693	-2.1427042	1.0318805	1.0739902	-3.7241523	-2.6941068	0.32922027	0.2599492831260784	0.0322718125098987	0.302267969005305	0.282972303000011	0.0002020623836368	0.0071239135864635	0.7420278516289348	Cfulvum_pval & Bcinerea_pval & Mincognita_7dpi_pval
Solyc10g084180	Protein indeterminate-domain 2 (AHRD V3.3 *** A0A2G3BGA0_CAPCH)	C2H2	[0, 7]	[1.0, 2.0]	3	41	44	-4.93912796482884	-0.743996301437639	-2.14474091576421	-0.802341945491944	-7.71058187490683	5.71146994282894	-0.776949706063389	3.33645354620139e-06	0.488784915841628	0.182298987826665	0.60110633382501	1.08271381554944e-13	7.3653816045036e-08	0.702009968493464	Pinfestans & Bcinerea & Mincognita_7dpi	-0.5952448	0.58199453	-0.26412073	0.35673106	-0.093254566	-0.9607382	-1.8858143	0.5517553268322667	0.5606438990850819	0.7917173989811791	0.7213353402897051	0.9257117968643708	0.3368140196908558	0.0594823173671538	
Solyc12g006800	myb family transcription factor EFM-like (AHRD V3.3 *** A0A2I4HNH6_9ROSI)	G2-like	[0, 2]	[1.0]	0	6	6	-5.04726585146838	0.0055188093564299	-2.32161786234945	-1.71414608081358	1.26393860786172	-5.86555426304618	-6.35264916367105	1.57740874122906e-06	1.0	0.133187834741465	0.26440116978627	0.235588588913903	4.04370726650783e-08	1.8871598047030304e-09	Pinfestans & Mincognita_7dpi & Mincognita_14dpi	-0.4531461	0.69043297	-0.8135565	0.19552602	0.040358912	-0.4056372	-0.63679844	0.6504986487482833	0.4900117647138302	0.4160076371596924	0.8450034371706563	0.9678115027875284	0.6850578303109661	0.5243378415964058	
Solyc12g007180	Protein tesmin/TSO1-like CXC 5 (AHRD V3.3 *** A0A2G3BNP4_CAPCH)	CPP	[0]	[1.0]	3	15	18	1.55393989516374	0.620961352523858	2.02714014609726	1.61165184484075	4.64142713320773	0.109761532920677	-1.17284423065085	0.153674671301074	0.575896096868323	0.248041150883074	0.413626622826383	8.42399719695565e-06	1.0	0.432216357675215	Bcinerea	0.40768838	-1.1513981	-2.4888346	-2.2343721	0.21929647	-0.66677654	-0.8210165	0.6835513874314767	0.2497227965063987	0.012906824316864	0.0255820332518779	0.8264441978751607	0.5050011045813121	0.4117465699867503	PSTVd_S23_pval & PSTVd_M_pval
Solyc12g009240	Ethylene-responsive transcription factor (AHRD V3.3 *-* A0A2G3BP26_CAPCH)	ERF	[7, 9, 18, 19]	[2.0, 3.0, 4.0]	1	171	172	-3.6834841533443	-2.19967075726535	-5.65496037763059	-3.78733326953113	2.60385818114055	-14.9826855169517	0.674522632583027	0.0005091987145731	0.0680679391212842	2.42855929730231e-06	0.0020709294963009	0.0145504983777016	7.471160106194729e-49	1.0	Pinfestans & PSTVd_S23 & PSTVd_M & Bcinerea & Mincognita_7dpi	1.8512875	1.164483	1.60134	1.1237538	2.2864377	0.9465511	0.52268004	0.0642933697183235	0.2443840439916133	0.1094786658184035	0.2612686819769478	0.0223453740500533	0.3439957668294831	0.6012618290623055	Bcinerea_pval
Solyc12g014610	WRKY transcription factor  20	WRKY	[13]	[3.0]	1	24	25	-3.56058062466907	-2.90287209901886	1.58321299949255	0.172953553003102	-6.63955271166614	-4.15388404572743	-2.70639950198219	0.0011200790441483	0.0092215578329408	0.271110960391369	0.930230764699529	1.51531765021319e-10	0.0001328925220323	0.0216848465888693	Pinfestans & Cfulvum & Bcinerea & Mincognita_7dpi & Mincognita_14dpi	1.5561688	2.3092875	2.3338997	2.7186472	2.265019	-2.1759484	0.010813783	0.1198453302485862	0.021041371043035	0.0197115072677331	0.0066184309474962	0.0236310052335674	0.0296899628444316	0.9913732268063082	Cfulvum_pval & PSTVd_S23_pval & PSTVd_M_pval & Bcinerea_pval & Mincognita_7dpi_pval
Solyc12g056510	Trihelix transcription factor GT.1	Trihelix	[0, 2]	[1.0]	0	11	11	-8.37250118389837	-5.07498649999049	-1.20541793267118	-1.66408290636743	-8.65389116605708	-12.5603709107721	-6.83076568451743	7.68367499452748e-16	3.83208565129152e-06	0.676082592242243	0.282125670895374	4.55149885471994e-17	1.6926434461835799e-34	8.59831213046965e-11	Pinfestans & Cfulvum & Bcinerea & Mincognita_7dpi & Mincognita_14dpi	0.67165804	-0.04201389	-0.02937739	-0.6847931	0.21606481	0.59879804	-0.51216626	0.5018883829392928	0.966492325878739	0.9765668913331936	0.4935634366348322	0.8289619298693112	0.549383594359701	0.6085980496979622	
Solyc12g077540	Trihelix transcription factor GT.1	Trihelix	[0, 2]	[1.0]	3	12	15	-1.36265481058506	0.186734942290048	1.62709353085976	1.4449839021882	-1.4990877878716	0.434582280958258	1.34981919160752	0.219249795976021	0.898405661792912	0.388229401538244	0.342354774823606	0.163002197779342	0.970837124776984	0.230455671079906		0.022306085	0.6660435	-0.6373795	-1.3500764	0.064882986	-0.5817164	-0.5002436	0.9822062897706814	0.5054693959426491	0.5239594480145717	0.1771627240637994	0.948274436408736	0.560831205802421	0.6169652585645438	
Solyc12g099370	GATA transcription factor 23 (AHRD V3.3 *** A0A2G2VJP8_CAPBA)	GATA	[0, 7]	[1.0, 2.0]	0	56	56	-4.54334617773696	5.44281985912585	-1.53557480924379	-0.874021967851591	4.34499785768458	0.233047104289456	2.21625198796976	1.66463947293777e-05	4.10584806556941e-07	0.566918186849564	0.669143673117708	3.22961563801915e-05	1.0	0.060727525313959	Pinfestans & Cfulvum & Bcinerea	1.0617126	0.6981341	-1.118574	-1.6254332	1.1603419	-0.8792595	-2.18192	0.2885098711282777	0.4851843036785959	0.2634725036211556	0.1042469136882856	0.246064901732238	0.3793789894592646	0.0292455281390572	Mincognita_14dpi_pval
