	0	1	2	3	4	5	6	7	8	9	10	11	12	13	14	15	16	17	18	19	20	21	22	23	24	25	26	27	28	29	30	31	32	33	34	35	36	37	38	39	40	41	42	43	44	45	46	47	48	49	50	51	52	53	54	55	56	57	58	59	60	61	62	63	64	65	66	67	68	69	70	71	72	73	74	75	76	77	78	79
BC_C_0hpi_leaf_102	-3.5021865	0.81993246	-5.1330466	1.2307434	-1.1978567	-5.061018	-0.25935706	-2.3888693	-2.3133345	-0.19332293	-0.10791314	2.201974	-4.3245974	0.27769667	-1.1422563	0.3607291	0.9919956	-1.0825634	1.412502	0.09055266	1.2410818	-0.46107212	-4.0350275	-1.3493903	1.0788286	-1.9024066	-0.38451588	-0.14591545	-0.18513948	2.708658	1.134083	1.010743	0.09337923	0.1289463	-0.08935258	2.8330307	0.7810815	2.430955	-0.24445915	0.17030326	-1.5860693	0.4715676	-3.277849	-2.458439	-0.49884823	0.9075309	-2.4722168	-0.68577856	-1.5065503	0.29934856	-4.854429	-1.4818128	0.44120347	-2.3776834	-1.0801655	1.0567477	-1.0772918	0.007834524	-0.4989041	1.0549439	-0.44395667	-1.30317	1.2924192	2.8244865	-5.9591613	-0.61319125	-0.66901505	0.43109193	-0.53017694	-1.8182248	3.2878404	0.9566758	1.1107056	2.8961525	2.2023535	-2.8999243	-3.3885932	-4.475906	1.4509865	0.26313806
BC_C_0hpi_leaf_118	0.4639026	-0.22429591	-4.369127	3.5002213	-0.819363	-0.8861327	0.5932467	-1.6573923	-1.2453637	-1.756327	0.89095104	2.6226563	-4.4278874	-0.25872356	-0.18255612	2.2502708	0.7789806	-2.506144	0.70060456	1.0938015	1.1156745	-0.4882139	-1.1848147	-1.4302043	-3.6217089	1.891809	1.1210631	-0.13852316	-0.05906085	3.801487	1.3945452	-1.5627398	-1.9260451	-2.487577	0.44389582	4.9496255	0.3799764	4.62064	0.06168787	-0.27382627	-2.5561664	0.4656039	-3.0692933	-3.0391722	0.64001423	1.7573698	-1.9934276	-1.2593806	0.069360614	0.058383472	-4.074814	-1.6107768	0.32108748	-1.3583453	1.3504597	-1.2213504	-0.82246304	2.662465	0.8502623	0.10905936	-1.602579	-2.5336103	1.8512747	2.409834	-4.9918394	-0.64332056	-2.9681227	2.1710162	-2.8317356	-0.73516786	1.405056	-1.125332	0.75719523	2.8729181	4.078803	1.4391829	-2.524588	-2.6175046	1.5813754	-3.1073847
BC_C_0hpi_leaf_119	-1.6114266	1.198456	-5.3616395	-0.5052768	1.8741932	-4.4890738	-0.72548115	0.6883571	-0.88125306	1.1936123	3.2277837	2.3368275	-0.8198688	1.0323149	-0.3753564	2.128593	0.31727734	1.0948199	-1.288919	-0.5518726	1.7710471	1.3854223	-3.3529718	-0.9508926	-1.0177462	-2.8530104	3.0469437	0.561249	-0.5478348	-0.11341733	3.338718	-0.24101827	0.014393762	0.053501964	0.19960892	4.8108487	-0.05791813	2.1089172	-0.98191893	0.3984524	-3.2145627	1.8010389	-4.726039	-2.1316087	0.93075526	0.4625619	-1.0349414	-2.039582	-1.5322616	-0.4678131	-5.3536744	0.24685156	0.71060306	-2.2303445	0.9870559	-1.4134083	-0.997762	0.86500335	-1.6280366	1.9197482	-1.0577588	-0.3224827	2.5938964	2.8861072	-5.7168736	-0.38504225	-2.732178	0.16967344	-1.6654483	-1.2756271	1.7533046	0.66254896	0.19143093	2.4750514	1.2270758	-0.6653099	0.18394029	-4.2554297	1.500428	0.43837714
BC_C_0hpi_leaf_134	-0.85903955	1.0399839	-5.646407	0.46683788	0.97965944	-4.5923805	-0.12395832	-1.3657317	-1.6313193	1.763733	2.659729	2.2144978	-4.0623956	0.6198517	0.73003924	2.0053246	1.672598	-0.3003937	1.1145546	0.54788584	1.8806663	-0.8986409	-1.9156163	-2.3381004	-0.7835956	0.023181714	0.20295298	-0.5713422	0.24857035	2.0537076	1.8572254	-0.6878529	-0.3461061	-1.4263097	-1.111404	5.302602	-0.2787972	4.1259904	-1.2608098	0.3560694	-2.1788914	1.6103415	-3.129041	-2.4139063	-0.6636377	0.24717772	-3.0644875	-1.7222979	-1.7093954	0.068464704	-5.3336687	2.3631468	-0.6257411	-1.8090811	-1.3867582	-0.09980969	0.029655337	-1.3586061	-1.6900413	-0.4911187	-0.33136368	-1.5975739	3.286798	2.77466	-5.5393095	-0.040815756	-3.640627	1.3422589	-1.4946762	-1.8014686	2.9604685	-0.9211071	4.053109	3.7659428	3.9717157	0.7951809	0.8413744	-2.6262226	3.2314758	-1.2197583
BC_C_0hpi_leaf_135	-2.4776907	0.59068716	-4.593554	3.8217745	-0.7094624	-4.5876474	-0.99003077	-1.6526586	-1.1417785	-1.1671348	1.2779791	2.9310703	-1.5934831	1.8585848	0.24275374	-1.02005	0.6246661	-2.0853214	2.4688532	-0.9553797	-0.030858755	0.50500655	-2.6214657	-0.3543898	-1.4813669	0.8151828	0.42050904	-0.29693764	-0.2469936	-0.35950243	2.1867485	0.3338405	0.52984536	-0.61888385	-1.0395899	3.7704723	0.50488627	1.9058284	-0.09649742	0.47424003	-2.756736	-1.8497696	-3.4229171	-3.0405395	-0.50740826	1.1649675	-1.9938209	-1.6283888	-0.2522267	0.49501917	-5.387592	-2.2542462	-0.4862259	-0.9916824	1.2560368	0.70606786	-1.5115197	-0.43784893	-1.9823611	-0.46909302	-0.103366256	-3.0033674	2.587472	2.3391886	-5.5015845	0.18788669	-2.1194153	0.7550327	-3.6080077	-3.9595675	2.2251651	0.48956633	1.8224574	3.0991235	3.8268104	-1.7671543	-1.4219766	-5.0340047	2.1543136	-1.3650483
BC_C_0hpi_leaf_148	-1.2427543	-0.4168455	-7.507937	-1.3428519	0.15762053	-3.0557892	0.71930546	-0.77626956	-0.80907905	-1.5014738	2.0894756	3.9486654	-2.7745028	0.5937481	-0.048687264	0.364827	2.5473258	-3.8637748	0.69262993	-0.8567223	1.6513113	0.07333498	-2.889308	-2.9343755	-0.5177984	0.32829946	1.8304931	1.5094795	-0.19150369	3.1034026	-0.112538815	0.6762573	-0.31520516	-2.190267	-0.70295817	3.2785563	0.5312271	1.7871423	0.6241693	-0.03346078	-3.1527934	1.1012692	-2.516469	-3.0959861	0.30189312	0.4449675	-2.3740296	-0.9716238	-0.76423633	1.8182031	-5.2251825	-3.3191538	0.73825264	-2.0133984	0.21164484	0.8692394	-1.479101	-0.31289542	0.19016254	-1.0737077	-1.8652706	-1.0638894	2.4838727	3.5509288	-5.336842	-1.0465438	-2.9700403	-0.49987853	0.2565943	-4.0986714	1.7465351	0.8821185	0.69854105	1.430177	3.7611537	1.2882715	-0.31322426	-3.80392	4.072499	5.517379
BC_C_0hpi_leaf_149	0.70839906	-0.3367701	-5.4286957	2.9513154	1.1271011	-2.7452652	-0.24917585	-1.5819807	0.9792942	3.018939	3.7627704	6.1861014	-3.188175	-0.19686727	-0.93755555	0.1770104	0.82853127	-1.2186183	2.4031951	-1.0648952	1.8543102	0.93609846	-2.0154934	-1.007427	1.4960951	2.013051	0.67809486	0.3265747	0.41692576	0.2430445	2.4103105	-0.037050523	-0.42394644	-1.55693	-1.7247559	3.7997153	0.44421175	2.9703465	-1.5070708	0.12656605	-2.38151	-1.4680972	-4.625918	-2.6598072	-0.8260578	1.8919263	-5.4764967	-0.17392719	-2.3230944	-0.8887876	-5.92304	-2.3004727	0.79133666	-1.6201391	1.4907541	-0.9030765	0.2164278	0.462193	-0.9754596	0.011463493	-2.2119486	-0.1585542	2.3678045	2.5844796	-5.9935036	-0.59574425	-3.807409	0.0046272976	-1.3974138	0.8598118	3.8988283	0.11537569	0.7317982	2.3678937	2.1106462	0.7906532	-1.7997739	-3.0090532	1.7050219	-0.19724
BC_I_30hpi_leaf_238	-1.0249219	-0.15032691	-4.5418987	-2.3812592	0.015736327	-0.47922707	0.38243127	-0.17571783	-1.2754849	-1.6176662	1.0360235	0.8005126	-0.013612032	0.69043356	-0.923676	0.09175692	1.3049624	1.2033486	1.534049	-0.39436474	0.6959771	1.4612346	-3.6079054	-0.8692919	-1.3979344	-3.6306489	1.2863638	0.9981075	0.2019127	0.31115547	1.718138	-3.0080416	-1.2344406	0.44343978	-1.5006828	1.560904	-0.31874412	2.6068015	-0.045545474	-0.40954962	-2.0182762	1.2103668	-3.102997	-0.58088446	-0.21859974	1.2220505	-1.9502089	0.15481651	-0.9584187	0.04053232	-3.2415218	0.93418276	0.51923853	-0.11664921	-1.5931674	0.23133032	0.026070535	-0.38297305	0.1114617	0.76113105	-0.45253456	0.07172048	2.984969	2.9737933	-2.9262342	-0.08186826	-0.944158	-0.86410475	-0.31725004	-1.4481876	1.9561259	-2.1874528	0.14421725	1.8574919	2.123599	-1.839765	-0.07882944	-2.2484832	-1.060699	-2.315217
BC_I_30hpi_leaf_239	-1.7881843	-0.5054538	-5.589475	3.7349076	-1.3578919	-4.9398303	0.5398607	-2.149097	-1.4759134	-1.0092463	1.8054378	2.8396468	-2.1631687	-0.48676988	-0.8226012	0.8786298	-0.9860244	-2.6106548	-0.9576121	-1.5978731	-0.010764718	1.8011848	-4.511393	0.46104085	-1.1210072	0.25044078	0.080252856	1.1959453	0.61325943	1.419347	3.009757	-0.58875513	0.73757476	-1.1591833	0.38955498	2.7756162	1.4629211	3.4352503	-0.7616595	-0.8781271	-2.702849	1.8471749	-2.8493192	2.4564586	1.5869882	2.674195	-2.0112765	-2.136416	-1.7920867	0.5464371	-3.369699	-0.1328817	0.4478615	-0.47746113	0.21555853	0.45366102	-0.6011557	-0.5120708	-0.95921654	-0.8483286	-0.8448246	-1.522732	2.2136655	2.8750753	-3.2903464	-0.98955494	-2.2936683	-0.8017394	0.23739254	-1.6076378	0.2164793	0.3054151	1.8564262	0.6554054	2.59515	-2.0717788	0.17598027	-3.6764102	2.8732777	-1.9111859
BC_I_30hpi_leaf_254	0.62494874	-0.16357258	-1.213445	1.2020772	0.6398672	-0.68164253	3.8716908	-1.5353734	-0.4556437	-1.8040189	-1.3995082	0.6303146	-1.2902787	-0.1720337	-0.37883374	-0.38009638	-0.46194428	-0.5819936	0.48176432	0.2652167	1.4181921	2.3132093	-1.5344194	-0.95381033	-0.9624387	0.1687491	2.047996	0.6167025	-1.1271449	-1.1095067	0.78410375	-2.1622555	-0.024197698	-1.720946	1.1016498	1.0708904	-0.657063	1.5501544	1.6126848	-0.7585882	-0.1667816	-0.061525166	0.9055731	-5.2193727	-1.3673437	-1.7177991	1.0065274	-2.679066	-2.2058134	1.1534634	-2.152587	-0.15246549	-0.37560886	1.1925029	-1.3218932	0.2007466	0.2789697	0.47889104	-1.0322886	-0.46152693	2.1791806	0.9379039	-0.37181544	3.0075169	-1.5257043	1.0507016	-0.67417157	1.7181785	0.31991214	-0.84765935	-0.70104456	-0.2445113	-0.011363924	0.40743297	1.1487281	0.8829651	0.7216767	-0.6734159	-0.6522233	-0.85270786
BC_I_30hpi_leaf_255	-1.1548598	-1.5471182	-4.7343254	-0.21782446	1.198577	0.5938451	-0.73199755	-1.5196337	-0.73891324	-1.0057428	-0.39581653	2.4151683	-1.8075943	-0.36043796	-0.57311106	-0.8392582	-0.7817608	0.5584158	1.8286574	0.572796	0.15286222	1.9058838	-2.2860365	0.015532123	-0.008402705	0.65028554	-0.56646967	-0.6153589	0.7897108	-0.61938584	1.2136818	-0.50868237	1.0308727	-1.4284089	-0.3591106	0.7600675	-0.034474224	2.5116193	-0.8102741	-0.20574844	-1.9706829	1.2977781	-1.871098	2.1084785	0.84927124	0.72536004	0.040128708	-2.1115956	-1.5263838	0.9002116	-2.452681	-1.3750597	0.18671712	-1.322371	-1.2371275	0.64678234	-0.5495139	-1.0172764	1.4965394	-0.4320858	-2.8260918	1.0273058	-1.2382274	1.280329	-2.2557654	-0.8179072	-0.7177558	1.5685484	-1.3200327	-1.3989662	0.39637607	1.0973098	0.58722603	0.36462462	2.5524983	-2.7854362	0.6932827	0.27299523	3.002015	-0.2662571
BC_I_30hpi_leaf_270	-2.479162	-0.07239536	-0.6002157	1.607007	-0.09025285	-2.6011295	-0.6724983	-1.0218488	-1.2847297	0.18911797	0.861097	2.7182407	-1.4661769	-0.8175938	-0.53252095	1.0038347	-0.8535527	-6.2268567	2.340729	-0.3580207	1.0889997	1.3346987	-2.6724992	-0.69858575	-0.46732715	0.16520107	-0.9164628	0.34950972	-0.42914218	0.17792702	1.5960674	-2.1673534	-1.1115624	-0.3111109	-0.7540839	2.6205213	0.8660441	2.592484	0.46695298	0.4131831	-1.3014368	-1.3684409	-1.7242495	-5.5657597	0.13066486	2.4000673	-2.324692	-0.7921851	-1.7911536	-0.40988004	-2.9747138	1.0752865	-1.3722403	-3.7138307	-1.4992223	1.1015636	-0.46584445	-1.061527	-1.4300982	0.6396446	0.121387064	-1.0724995	1.4557302	0.009990454	-2.1030335	1.5111024	-1.1458927	0.5632501	-0.21428844	0.20553112	0.5928065	-2.2021065	1.7954316	0.3981266	0.49286795	-0.10784276	-0.73217654	-1.095607	1.4614927	-1.0950124
BC_I_30hpi_leaf_271	1.1759666	-0.9877267	-4.153674	3.079335	0.5750897	-3.7150207	-0.19769241	-2.1825485	-0.46221608	0.61443675	0.18664825	2.1946163	-0.7911178	0.83567387	-0.46377203	-1.6746905	2.5146313	-1.0282443	0.37283903	0.47315478	-0.29596034	0.9150096	-3.2653365	-1.0280219	0.8477439	-0.5381873	0.20620193	0.09957898	-0.43548766	0.9169624	0.4694755	1.5089335	0.51979893	0.26027673	-1.545668	3.69773	0.39067423	2.9875007	1.0957446	1.2148427	-2.669001	-0.57477784	-0.6919395	0.66892886	1.6364251	0.8589261	-3.6918116	-0.9374864	0.05327958	-0.33553678	-2.8382227	0.4930103	0.2909681	-0.479558	0.5595298	0.25690287	-0.43223932	0.40676916	-1.5232755	-1.3839763	-0.72955763	-1.327131	1.4720846	1.3486631	-2.5926595	-0.30997688	-2.172892	0.7007281	-1.0026971	-1.4238734	1.9632546	0.07412807	1.1960883	1.881809	3.4565644	1.274678	1.4030204	-2.7354658	0.11316234	-0.5358106
BC_I_30hpi_leaf_286	-1.834755	0.34961352	-2.1757567	0.31537616	-0.8189917	-3.8551402	-3.4400723	-1.1714435	0.013489246	-0.8739971	0.6503672	3.8535767	-0.6417434	0.90092045	0.32766837	0.66325223	0.83849764	0.2070688	0.19880512	-0.61358863	-1.0975094	0.3956462	-2.1892734	0.6721654	0.33850545	-0.36353546	1.6024615	0.33917648	-0.095958866	0.008134246	3.7677305	0.09920881	-0.58560973	-1.2225893	0.41321528	3.302083	-0.36382812	2.0091116	-1.245214	-0.58197856	-2.2743773	0.6474807	-2.2828746	-8.708143	-0.6673701	0.5116227	-8.215189	-3.881723	1.0168617	0.6247753	-3.815404	-1.145067	-0.87082046	-0.7060686	-1.6726458	1.5481637	0.028525114	-0.3421111	1.0830119	-0.72644883	-0.26151186	-1.1675289	1.1523293	5.0768595	-4.115475	-0.6102002	-1.7140774	-1.3801086	0.30578148	-1.6154807	0.72415173	1.2913638	0.976566	0.8316086	5.091528	-3.650611	-0.536147	-3.069551	0.83552414	0.60710216
BC_I_30hpi_leaf_287	-1.5043192	-0.18401156	-6.7361746	3.5389833	-0.21062177	-5.4375744	-0.17471047	-0.67944163	-1.2346575	-1.8972235	1.6942152	-0.57328653	-4.861405	-0.2127192	-1.7809396	0.049398422	0.4411453	-2.7418077	0.5205208	0.6809738	0.5013039	1.0647805	-2.6063862	-0.9992852	-0.067314506	-0.48972794	1.019662	0.76273966	-0.12141179	0.6392559	1.575299	-0.20382766	-1.0199149	0.03111285	-0.076498896	4.498556	2.975499	3.632739	-2.694351	0.29459515	-3.3121974	2.0747027	-2.7797918	-7.4146576	-0.02201289	1.5623472	-6.1648273	-0.98925793	-1.9766816	1.6765932	-4.7521963	-0.61785126	-1.3617232	-1.0057871	-0.284748	0.30282402	0.47640848	0.0317533	-0.37854493	0.33180335	2.0690756	0.13644868	3.0704107	2.6495368	-4.369608	1.2967536	-3.5161977	-0.8360634	0.10387546	-3.002378	1.3075078	1.1328226	1.2829945	1.3456186	5.2846403	-0.6030481	-0.39348614	-3.6446495	2.3730052	-0.016914845
MI_I_168hpi_root_086	-0.68153083	0.4685552	-3.1449795	5.270465	0.22108617	-2.2506719	-0.17031558	-1.2454293	-0.6867188	1.1993847	2.2177892	0.4441542	-1.2440344	-0.2932374	-1.1351299	-0.33088225	-0.24377877	-1.2007568	0.69916224	0.81718725	1.1739056	-0.3137438	-1.9909887	0.58161765	-0.30534023	-1.6693826	-0.94140553	2.6371133	-1.2980509	1.3109581	0.23708254	-1.3612301	0.8345001	-1.4701049	0.08411045	0.7795403	0.033733457	2.5372534	-1.3911549	-1.5902388	-0.9319875	0.8416847	-3.4861066	-2.3922925	-0.49566197	1.6817737	-1.5305285	-2.963898	-0.5392206	0.6953974	-2.8665857	-1.9308611	-0.24448359	-1.0831435	0.09951076	-1.1863486	-1.5414623	0.21325006	0.38502696	-0.54212976	-0.7276388	-0.6813368	0.25359696	1.6055814	-1.5713763	0.73112917	-0.9206542	0.06357695	-0.11098805	-2.426289	0.82959706	1.0284134	2.1227903	1.7345207	2.9659896	-2.4092934	-1.3868005	-1.5805541	0.9059963	-1.6028745
MI_I_168hpi_root_087	-0.28646448	1.4229537	-2.59059	-0.26359403	2.4488401	-4.0360365	0.5443904	-0.9504228	-0.3525749	0.835653	0.295645	1.4357291	-2.9188826	1.9271802	-0.39871138	1.4397557	-0.8129266	-0.51161885	-0.15291631	0.31639814	0.13044962	0.68847525	-0.9477324	0.39268976	1.2537866	0.95006263	-0.10295203	0.73043495	-0.6656623	1.4314237	1.695151	-1.9836493	0.9454396	-2.3039963	-0.2620805	2.5891633	2.4417188	1.902389	1.2558564	1.1120735	-1.7692275	-1.6046461	-3.8343256	0.8062062	0.02703555	0.5723748	-0.7024816	-0.25383794	-1.182321	0.32718864	-2.1217642	0.46740037	0.1969587	-0.26350677	1.4366908	-0.6209651	0.21118337	0.29819348	-1.841556	-0.9008366	-0.022319317	-0.93590224	0.35165346	0.28888166	-2.7842484	-0.48545748	-1.9201641	1.3204596	0.3067238	0.6267725	1.2759598	1.3935285	1.6048932	2.5025823	0.77885914	-1.235167	-0.03575307	-0.5237639	1.8592746	1.0078838
MI_C_168hpi_root_090	0.8326753	0.506227	4.7449474	-0.9374921	-0.18608594	3.1573765	0.42926818	1.4117174	1.3856026	-0.13297313	-1.4012575	-1.4184716	3.3536158	0.30183384	1.7696929	-1.663526	-1.4514618	0.39303464	-1.3056912	-0.20072699	-3.6307375	-1.7510433	2.4951158	0.9320532	0.016572442	-0.4111135	-0.2002173	-0.07834816	-0.15569058	-1.4507253	-2.4249578	-0.44753164	-0.32758468	1.0963731	-1.7077906	-2.8168175	-0.97678053	-3.8547506	-0.07263118	0.25359416	1.9270532	-1.7034448	3.595348	2.2446222	-0.37849945	-3.0767832	2.976339	2.3002653	1.4640387	-1.3099405	3.0156987	0.17727041	-0.37579674	0.50409263	0.005882511	-0.5521345	0.94818646	0.8944261	1.472786	0.18067926	1.7589815	0.404853	-1.0487169	-3.5428805	6.8415627	-0.6357572	4.0632935	1.673315	1.4899144	1.0817521	-5.3037224	1.1196194	-0.54681265	-2.262859	-2.1396308	0.6410514	0.8908415	2.5733836	-1.2213067	1.9343561
MI_C_168hpi_root_101	1.511743	0.08840692	4.330515	-1.771606	3.9506066	4.0829544	0.05744809	2.5812526	-0.92150253	1.9244732	-1.5571738	-2.4990075	2.6155164	-0.11259484	0.4457516	-1.4341254	-0.48802942	0.9032468	-1.206547	-0.2367143	-0.3886708	1.8650845	2.1110387	0.78222	-0.011411022	-0.4313624	-1.5076008	-2.7773824	0.20323989	-1.3234297	-2.3405108	2.8821657	-2.100431	-0.7814449	-1.7387874	-4.5298924	-0.2546955	-4.1631804	1.8568344	-0.35060656	2.8712318	0.36619613	1.8393724	3.502002	-0.78120923	-1.4280114	2.2299368	2.6381598	0.70254225	0.69326293	4.708197	2.2577815	-1.5295703	1.3617638	0.22077742	-0.7054417	-0.7392457	0.33196783	1.3170404	-0.17695929	2.3967142	1.331679	-4.753498	-2.4636166	3.3275685	-0.10867937	1.7607337	-0.38947263	0.8039365	1.3294843	-3.3770752	0.22974324	-1.6581829	-2.4310129	-4.642361	1.3802934	1.1493182	4.488144	-2.5381405	1.0754013
MI_I_336hpi_root_106	1.7026715	-0.70081437	2.801796	-1.1964334	-1.0677092	0.12625161	0.33064914	0.7192414	0.71597636	0.9215292	-0.2020719	-0.42385972	1.3036284	-0.48971587	-0.7070096	-0.62112653	-0.6968623	1.5826697	0.0510408	1.1305785	-1.1213741	-1.2247639	-0.08157882	0.7582145	0.042877927	1.4738955	-1.3400599	0.30370158	-1.8842419	0.4800285	-0.8008125	0.8693377	1.580329	0.58633816	-0.06269312	-0.8124709	1.1377337	-1.3925467	-1.3580786	1.002099	1.3640966	-0.8462212	2.3536139	-0.5646851	0.4796406	-0.705222	0.6109853	0.91096604	1.2248728	-0.4185192	-0.2614652	0.15928964	-0.7465675	1.4105432	0.33534232	-0.10668676	0.17979398	0.55501944	-0.34599057	1.42234	-1.1516308	-1.0159361	-0.82626766	-0.6612755	1.4202234	-1.1459872	1.3622845	1.9211769	0.08305374	2.697753	2.7229588	-0.69697046	1.5875684	0.30974048	-0.24721463	0.5145961	-0.024874106	0.85659665	-0.7219341	-1.5939698
MI_I_336hpi_root_107	0.5800772	1.4713578	0.8055133	-0.22459155	0.8893869	1.8399119	-0.7433114	0.3779267	1.6813538	-0.06147784	-1.2603188	-1.2151406	0.836567	1.132842	1.361157	-1.3655434	1.8155317	2.8128297	-0.32293293	-0.16163263	-1.3071864	0.08045313	-1.3703797	0.68094313	0.78688943	-0.9895428	0.18105114	0.7669133	-0.15409759	-0.2520443	0.5262219	0.042587966	0.47128332	-0.15323973	0.7668338	-1.7308191	0.7361305	-1.3181305	0.8566784	0.46050608	1.6981136	-0.8897746	0.05468744	0.15522677	0.05682841	-0.02146542	2.448326	0.58380735	0.2831175	1.2520889	-1.3913015	2.200414	-0.7352648	0.3308257	-0.009850234	-0.9272431	-0.43078142	-0.36357978	-0.05065787	-1.1714239	0.15304852	0.25485778	0.46225914	-0.76429725	1.8928797	-1.2056224	2.132601	-0.5886493	0.4085099	-0.3282776	-0.36227003	-1.7851169	-0.7036098	-0.7233461	-0.21491355	-0.0994682	0.31125492	0.82166916	-1.8148621	-0.21405882
MI_I_336hpi_root_108	1.2308252	2.1013038	2.252821	-0.25830057	3.0681133	0.011866927	0.35579422	-0.15786386	-0.022910833	-0.040886372	-1.0882254	-0.938177	0.23579243	-0.33307725	0.9928849	-0.38993317	-0.13909757	0.08006361	0.6622019	0.53596133	0.2884495	0.6954701	1.771703	0.13784558	-0.14589158	0.3136242	0.8166975	0.7552765	-0.3904066	-0.89854425	-0.4336971	-2.0356426	0.9947989	-1.1766819	-0.34455097	-1.8779078	-1.0427914	-0.5598696	0.047759935	0.17580715	2.8060074	-2.1573625	-0.57706165	2.642801	-0.41410547	-1.0999962	-0.7595297	1.0781229	1.9387605	0.50948656	0.9742491	0.6207032	-1.6609092	0.5249897	0.92206776	0.60827184	0.47222686	1.1488132	-0.017986268	-0.29895222	-0.28730756	-2.7224262	-0.7962376	-0.9875869	0.75439525	0.21573727	-0.21415514	1.9819074	0.0027389228	0.9215521	-0.37986934	-1.0474217	-0.9906175	-1.8181636	-1.7222733	-0.05272883	-0.2899118	2.1139987	-1.3187482	0.41136795
MI_I_336hpi_root_109	-0.14909717	0.7402339	1.0630915	0.43651742	0.6837803	0.6994578	2.0060337	1.1324519	2.1811175	0.6592469	-1.0239297	-0.17020833	1.6629775	-0.9487207	-0.39193454	-0.2220202	1.6915529	0.8889607	1.1455094	-1.3896261	-0.17878424	0.1063319	-0.54738724	0.50807494	0.7348126	0.84076375	0.25423306	-0.98787457	-0.59365577	0.42657328	-2.6579893	0.2705791	2.026942	-0.5373827	0.112171575	-1.5986243	0.21805759	-1.1145208	-0.47008732	-1.6789501	1.1866906	1.6622854	2.8327127	1.2001946	-0.36904812	-1.946311	0.30577493	-0.098656416	2.1336458	-0.54205585	2.184352	1.294473	-0.9690628	0.63141	0.6591587	0.5929596	-0.114229836	-0.86505014	1.2194661	-1.5591056	0.028979369	-0.65293425	-0.37196827	-1.1383885	3.2146392	0.7621472	1.3313978	0.08792022	-0.7174213	0.2851209	-0.6463825	0.71255165	-0.36807978	0.6804232	0.2683974	0.6643412	1.0788851	2.327057	-1.1228809	-1.7221929
MI_I_336hpi_root_110	0.72360075	-0.63598746	1.7797427	-0.7242709	-0.33910325	3.2529182	0.5939977	-0.32542837	-0.8531445	0.97673523	-0.85523844	-0.7293202	0.26786852	1.1550076	1.7202632	0.66619235	-0.3113042	-0.54682225	-1.1979275	1.4316673	-0.6867683	0.12769946	2.3886273	2.5353878	0.22679004	-0.74124	-0.48156133	0.2529251	1.9933984	0.8340555	0.5939964	-0.057860844	0.35278732	-0.7876006	0.022464335	-2.6338677	-0.672721	-1.2056897	-0.67516184	-2.8250513	2.2910504	-1.807601	1.4493295	0.1306932	0.23059079	-1.6750926	1.6035154	-0.93088055	-0.652805	-2.6652768	3.1284788	2.258266	-0.14109503	1.1173887	0.31152138	1.6730174	-0.2709711	-1.2340329	0.14834616	1.0096037	-0.40597272	-0.56749165	0.33056915	-1.0129815	2.3883622	1.0679562	-3.4119508	-1.2907952	1.0662515	0.5843304	0.47908276	0.6406811	-1.265943	-0.22342157	-2.124381	1.4018244	-0.30004054	2.7814178	-0.009055018	0.26554754
MI_I_336hpi_root_111	0.6926471	-0.8838577	2.81234	-0.99088955	1.1077511	-0.007977724	4.2000537	0.31086132	2.016109	0.13378999	-2.1958725	-1.577242	2.7085252	0.18204772	-0.4279216	0.9295761	-2.4452097	1.069869	-0.47144502	-0.88316613	-2.5232706	-0.75915325	2.1099613	2.1476252	-0.5639714	-0.41909224	-0.8993087	-3.1859632	-0.81557685	0.09789443	-1.2053514	0.88605565	-0.15295708	2.4763575	0.8902415	-0.8395276	0.38610333	-1.7247926	-1.7850944	1.7049127	-0.5368831	-0.72566223	3.67727	-0.7333571	0.5265059	-0.12678432	1.0918652	0.8215957	0.93643403	0.12604581	4.031462	-0.26721346	0.33912748	1.1711332	-0.34372377	-1.0403919	0.95025927	0.071009085	-0.33771586	0.85334337	1.570436	-0.6740574	-0.6225607	-0.863079	3.5396729	-0.06998426	3.1066175	-0.79115933	-0.62942326	2.184691	-1.8239722	-0.8409958	-2.6809611	-0.70390475	-1.9088094	1.4768534	-0.00053960085	3.3282127	-1.5638223	0.96267235
MI_C_168hpi_root_112	0.015330434	0.8741557	4.484779	-1.6686236	1.2801468	2.4173388	0.5654985	1.3111328	-0.247967	1.1715906	-1.6951699	-1.2790186	2.075056	-0.21001083	1.7280438	-1.6244833	0.11203241	-0.7975761	-1.4790993	0.3800021	-1.6162422	0.7247938	3.169848	-0.77815115	-0.4904155	0.0894942	-0.6783894	-1.358423	-3.0892491	-1.7398322	-1.5212489	0.76532966	-0.10645123	-0.6370048	0.10387793	-1.0759835	-0.614124	-3.6188989	0.45517385	1.4184507	0.92123866	0.6917057	2.865476	2.8098826	1.1984731	-2.02279	3.4185104	-0.04175639	0.019969344	-1.8403687	6.700702	1.2726023	-0.9852511	1.4250485	-0.49695575	-1.1548626	1.6955781	1.0491254	1.0668604	-1.1121919	2.050311	1.4879125	-2.7468388	-2.343016	3.7134876	-0.8457283	5.836376	-1.3013813	1.6192899	0.8905846	-2.7413995	1.2176957	-1.3182545	-1.3878121	0.7615552	0.4463886	1.9127643	5.133274	-2.0808346	1.1363711
MI_I_336hpi_root_113	2.2187092	-0.6322763	2.568856	-0.63153195	-0.75911945	-0.24216342	-0.8692963	1.4336452	1.7929658	0.48560798	-0.15876162	0.35483527	1.6640824	0.6178152	1.085381	-0.3913681	0.25036478	1.0461802	1.4844489	-0.95662934	-0.3266496	-1.3466692	0.27609247	2.2576454	2.2670581	1.4727647	-1.2134352	-1.2638432	-0.4966696	-0.21057591	-0.59864086	0.020208485	-0.3756159	2.3802557	0.6676144	-3.2240593	-0.89929444	-1.1077554	-0.45197016	0.8461209	0.96773773	-2.8336828	-1.9964812	0.56189495	-0.68879294	-0.43210387	1.5440098	2.2436628	-1.4139326	-1.5766709	1.486511	-0.7176628	1.1673218	0.40780008	0.23959054	-2.0767374	0.049127482	0.7561053	1.2931907	0.72803366	1.6817323	1.732554	-0.6130402	-1.7918587	3.2593591	0.33402875	0.45752054	-0.70009553	-0.4039408	2.3805037	0.2706914	0.21300346	0.3013714	-1.2359571	-1.6615784	1.1816211	-0.51599014	0.85756135	-0.7605605	-1.5280993
MI_I_336hpi_root_114	1.2545564	-0.19359404	2.1789188	-0.40849984	-0.9635123	0.46829277	0.7029873	0.08623043	-0.5342274	-0.7034601	-2.1596503	-1.2300518	0.37455368	1.0260477	-1.4414923	-0.86421984	-1.7151885	-1.7022482	-0.1284586	0.7484118	-0.7574119	1.5267833	1.0539212	0.7899514	1.0008523	0.71428746	-0.4131749	0.0011236221	3.9087079	-0.7199557	0.96051896	-0.48372608	-0.9403862	-0.7783265	-0.2281149	-1.0076947	0.20267606	-1.7209377	0.7233958	1.5560097	1.9922485	1.5806589	0.6562583	0.74486095	0.43714935	-1.397634	0.72238165	-1.3848469	0.76556504	1.1805052	1.4545584	0.8729563	-2.7717018	0.90069115	-1.1469598	1.467575	-0.52112395	1.0479294	0.8544633	0.11056787	0.27265584	0.6292764	-2.0858912	-0.78277427	5.597678	1.7110726	2.834322	0.032123744	0.17743218	-0.6776773	-0.9109502	-0.69274867	-0.81254077	-0.06284958	-1.9393969	0.34101194	-0.38817406	0.8980684	-2.6321163	-1.3413424
MI_C_336hpi_root_115	0.85639757	-0.15430617	3.9638364	-0.46074307	0.31671977	3.0041218	-1.767828	0.60033023	-0.3994429	1.5144956	-0.7834641	-2.0555985	2.5212834	0.095195174	1.9756868	-0.91966313	-3.2732956	2.265927	-0.63299406	0.5168405	-0.038897634	1.300018	0.5204735	0.32942712	-0.33055645	-0.53436905	-3.0017352	-1.8257465	-0.058951527	-1.0743123	-1.509855	-0.012180865	-2.1882367	0.031206429	-0.34532207	-2.385457	-0.22200295	-3.1710923	-0.569983	-1.1742551	1.1678046	-0.5621465	2.7223294	0.8031429	-0.6950727	-1.5435389	3.5484304	1.7287565	0.29006296	0.6265937	3.3110237	0.25531942	-0.37750846	0.89478064	-0.8841544	0.41190222	0.2040908	1.0848446	1.3765346	-1.9243039	1.4372404	2.0257955	-3.7404888	-3.9081092	6.169287	0.3703027	-0.65005803	-0.12389305	1.6629686	0.93734956	-2.186945	-0.3925565	-1.1860468	-1.563029	-4.427169	1.3217486	1.271456	4.492998	-2.2914734	1.6805909
MI_C_336hpi_root_116	1.8694376	1.2201499	4.1753683	-1.796647	1.8670008	3.8198335	1.5536966	1.6599877	0.46690315	0.026395023	-2.2426982	-2.5447834	2.669207	-0.42376462	0.31652135	-1.5551194	-0.531217	1.4370358	-0.1354118	-1.0493383	-3.7174454	3.316975	4.226595	1.7533171	0.15649375	-0.741421	-0.53292155	-1.5205984	2.1479623	-1.2696995	-2.4399214	-1.2744904	-2.6561878	1.015441	0.69639874	-3.7025008	-0.6968682	-1.7784445	1.3488374	0.29057986	1.2430949	-0.91142327	4.7332172	2.7159362	-1.0175599	0.22554457	2.6697013	0.9478754	-0.35082328	-1.9822717	5.9729366	2.4445386	1.4103985	1.3363287	0.19838457	0.37777898	0.8483783	-0.87439144	0.95167196	-0.9178184	1.8273429	0.87466097	-2.588091	-2.886769	6.5693226	-1.416877	2.726471	1.60601	2.1676536	1.1540275	-1.0914686	1.7953393	-3.9432585	-2.0419238	-5.0819216	1.717001	0.77887017	3.309349	-2.2194943	2.6339934
MI_C_336hpi_root_117	0.4654227	0.09342992	4.1979976	-1.3341737	2.4748464	4.0478816	1.583956	1.735675	2.620133	-0.5097723	-1.6560984	-2.0894852	2.9818137	-0.87551737	0.38539475	-0.4833053	-1.6526322	1.8234584	-1.0792594	1.972317	0.18534589	1.329494	3.294083	0.40578437	0.06293321	-0.3614427	-1.0765108	-1.0263969	-0.9463014	-1.1859298	-0.42344105	0.41796613	-0.5910188	0.3139705	0.7192949	-3.0678108	-0.09245512	-2.7597785	-0.98929405	-1.1718628	0.30483043	-0.066565216	2.7004375	2.2738369	-1.5334156	-0.7887155	-0.4247756	0.57862544	3.052186	-0.70764107	3.7327178	0.769047	0.4803468	0.7993396	-0.5994352	1.6083238	0.32673153	-1.6803399	1.0074856	-1.141776	2.328006	1.4639791	-1.9251015	-2.7131486	6.563148	-0.5613426	3.5958436	-1.3614371	-0.06272954	2.8550582	-3.3186965	0.9338175	-3.0751252	-1.5641043	-4.925459	1.4799778	1.1406301	3.849577	-0.90036595	1.9574827
MI_C_336hpi_root_118	1.1690212	1.2755866	3.7323895	-0.781758	-1.2682412	3.5671194	0.84061956	0.233639	-0.34635198	0.65231764	-1.8359022	-3.2425647	2.2465587	-0.4807409	-0.92424995	1.7654803	-1.9925787	2.38577	-0.48208374	0.36922127	0.24350286	-0.67598104	2.7902453	0.89240736	-0.68744755	-0.27121094	-1.4562826	-1.2911738	-1.1564724	-0.536786	-0.6085957	-0.17877299	0.6236589	-0.46606088	0.9750494	-2.655275	-1.9796364	-3.8443005	1.092993	-0.18571669	2.443347	0.2666344	2.5989132	1.6638817	0.17985964	-1.6105527	1.8686067	0.34531653	-0.65882707	-2.4117422	3.590979	0.94219804	-1.8967783	0.6482259	1.5032023	0.87794924	1.7441142	0.76548576	1.3676933	0.07372391	0.8409158	1.1581025	-0.93616056	-1.7983494	5.945536	-1.4566343	1.1979139	1.1134472	0.28039366	0.9666953	-0.92958415	1.1882558	-2.3822265	-2.1539338	-6.118167	1.1079062	0.44891176	4.0974717	-0.22208714	0.97081065
MI_C_336hpi_root_119	-0.38681865	0.27304554	1.8021715	-0.17129266	-0.6981145	0.9974526	-0.5238885	-2.3513455	0.11351138	0.18790862	-1.5074487	-0.036635995	2.75385	-0.3202524	-0.45639902	-0.23897587	-1.4543417	-0.6780595	-1.0145149	-1.0398233	-0.2283138	-0.8185904	2.4913578	0.17947185	-0.33168483	0.19677936	-1.9356163	0.2671163	3.3718297	0.5193111	-1.056267	-0.9840939	-0.18702503	0.38242078	-0.0042130053	-3.293658	0.83095676	1.1816758	-0.69467324	0.8199016	1.1966339	0.011170328	0.19500959	1.7236701	-0.82190716	-2.04758	2.318687	1.7652609	-0.08796072	-1.5914541	2.4221456	1.5828797	0.393476	1.3054717	-0.7744083	-0.8299316	0.078872606	0.45261312	0.976714	-1.4073126	1.4015651	-0.40540987	-3.071211	-3.201163	0.035622835	0.7843393	2.0515127	-0.4159396	-0.32178265	2.293663	-2.5737476	1.6211295	-3.0521567	-0.8519032	-2.2264209	1.1532972	-0.28059483	1.4002335	-1.186805	0.98967505
MI_C_336hpi_root_120	-0.10382807	1.0387304	3.5275733	-0.27714193	-0.6349463	3.3574905	-0.930696	1.5289574	1.9829895	1.1194563	-2.2504554	-0.39831364	2.2004256	-1.3493515	0.24726045	0.7893855	-2.1956415	-0.06925148	-0.69498664	0.22007346	-1.8085169	-0.88594383	2.6674893	0.5099547	-0.6744966	1.0396516	-0.4966854	-1.6304095	0.28669864	-0.27921045	-2.499898	0.3219197	0.5872987	0.6379591	-0.5805936	-2.7948124	0.7772496	-1.1273715	1.0475223	-0.74334085	-1.847755	-0.12289283	0.46186924	2.8515687	-0.36712202	-2.103723	1.6168375	0.7597737	1.404618	-0.9749667	-0.54099655	1.3938928	0.10050802	0.83063513	0.41374356	0.33582908	-1.4766455	0.5979192	1.1718109	-0.88667715	1.7912846	0.48302203	-3.1422958	-2.63858	2.134542	-1.8671478	3.3057735	1.8148826	2.2110372	0.08332062	-3.6372437	0.7536666	-1.935968	-1.6280214	-2.67392	1.1250315	2.2572567	2.233214	-1.121561	1.308717
MI_C_336hpi_root_121	0.06335586	0.8491856	2.920674	-1.1700233	1.508472	2.4141889	2.323132	0.15986031	0.38568258	-0.13828857	-1.3113463	-1.5449501	2.373365	-0.4574262	0.92065215	-1.1799629	-2.6345067	0.08727217	-0.38524508	-1.7221822	-1.0536538	-0.40931028	3.53775	1.5391959	0.43971655	-0.3512832	-1.5523608	-0.14560273	0.43104997	-0.78542936	-0.35972315	1.3544512	-1.5568854	0.9240118	-0.98528266	-1.2193193	-0.5684898	-4.849596	1.3518462	1.5143007	2.4245806	-1.016748	2.6163256	2.6145608	-0.5748326	-0.75789195	2.592526	-0.21872044	1.4243546	-0.45254508	1.4702948	1.1975281	-1.2154374	0.8285398	-1.1567626	1.1327932	-0.44022512	1.764365	1.1252803	0.066278666	1.74276	0.20090538	-1.3328137	-0.86139417	0.52147484	-0.28394908	2.2306268	1.4819939	0.4111076	-0.028687477	0.61801577	-0.30617362	-2.1011384	-0.48822677	-3.0976894	0.34640777	0.15186477	1.8628684	-1.7506727	1.2774503
MI_C_336hpi_root_122	0.82891935	-0.20999518	3.7869859	-0.64021534	1.2275615	3.5140405	0.1489945	0.96648663	0.105921686	-0.6926481	-1.2776129	-1.4167632	2.72819	0.7717291	-0.31702423	-0.3089587	-2.332278	-0.17749345	0.38974485	0.17405665	-1.2384672	0.44451302	1.6021854	1.0609325	-0.5231961	0.70438313	0.22467512	0.41372836	-1.3911891	-0.49267927	0.84908533	0.046860576	0.68696064	0.5115876	-1.0497621	-1.5198507	-0.09489395	-1.6023693	0.060325503	-0.051687956	0.3215351	-1.3485053	3.5328834	1.8473699	0.7669645	-2.229108	0.621734	1.8074111	3.006764	-0.14384574	1.286799	0.08477354	-0.41757387	-0.13594836	-0.14407364	0.2830119	-0.4135759	1.282377	0.9031637	-1.3699212	-0.014475048	0.86570007	-2.3194199	-0.64166224	1.5912042	-1.7761252	0.093505025	-1.0266728	-0.08230239	2.8610559	-1.8783159	-0.21145403	-0.82529116	-0.26958376	-2.1802204	0.6148106	0.53408486	2.4890966	0.3688357	0.87515014
MI_C_168hpi_root_123	1.2935846	3.2941132	4.332083	-1.8331974	-1.9086412	3.2548254	-0.30013102	1.5132822	2.1799736	1.3707824	-1.4626739	-2.8453765	2.6850188	-0.25410265	-0.43421656	-1.547399	-2.9313812	2.280925	-0.9826914	0.5855397	-1.0951598	-1.3899077	4.4808664	1.3184493	-1.2928137	0.09723225	-1.3218265	-0.36345026	4.0899487	-0.93313	-3.8605375	1.7655344	0.77643836	-0.4409694	0.78514796	-2.6511712	-1.5631403	-4.028867	-1.9746003	0.22331497	4.4641743	-0.08761394	4.9858546	2.524232	-1.0716307	-2.3551424	0.106954336	2.0899353	-0.20241886	-0.9632535	3.9080396	0.79862505	0.89822626	1.3593533	0.3192823	-0.55885965	-0.33645338	0.897797	1.1368037	-0.3912308	2.0049047	1.9456197	-2.838903	-3.2020748	8.421059	-1.7002709	2.686511	-0.008374684	0.11682662	0.17031944	-2.2696786	1.5790297	-2.869482	-2.4391506	-2.2678406	0.712314	0.65698993	3.544666	-1.9385592	3.0518293
MI_C_168hpi_root_134	2.0695443	1.380877	5.042675	-2.3607984	1.0113156	3.0673332	0.20796052	2.5020156	1.6232126	0.68745816	-1.5923678	-2.0093968	2.8747962	0.009807408	-1.8111444	-0.6750989	0.8779085	1.1754245	-1.9304188	2.1730046	-1.3922697	1.9549046	4.4290323	1.044129	-0.26267034	-0.3220604	-1.930152	-1.6914742	1.732574	-1.6273597	-1.1883376	1.4561857	0.11804489	1.782934	-0.8380269	-2.3036613	-0.21614395	-5.505753	0.24715286	0.61758786	2.8030775	0.32012716	3.6061225	3.430912	-0.8422934	0.002730012	5.1630406	1.4800688	-2.0226936	0.36131203	5.5815735	0.8224074	-0.4815235	0.9195436	0.36429656	0.17799535	-0.80709773	1.7997032	1.15028	1.5604768	3.5793135	1.6022092	-3.3860457	-3.5200355	7.820672	-2.9979477	3.4480543	-0.53000593	-0.31682998	2.0466897	-4.7147627	2.427474	-2.962368	-2.2156205	-5.7777567	1.354667	0.71769494	5.9418654	-1.9315255	1.6362246
MI_C_168hpi_root_145	1.5223069	1.7988197	4.678844	-2.4939408	2.2199042	3.6893737	-0.3543822	1.8725778	-1.105896	0.7346685	-1.6026362	-2.6809807	2.9691472	-1.4349139	0.34438267	-1.0054951	-0.46857548	-0.54862094	0.21422791	-0.21109265	-1.5908393	3.623533	2.9391007	1.0053166	-0.13856605	-0.47520828	-2.0142093	-0.37230986	0.00094257295	-1.696335	-0.9359114	1.5000027	-0.83630717	1.688255	-0.84056437	-1.930786	-0.102599084	-5.1619234	1.1154479	0.78255796	2.3135004	0.4972191	1.668191	3.6720948	-0.47327337	-1.823285	2.6599057	3.1970754	1.7444432	-2.3983343	2.483225	-0.35785863	0.27287304	0.6259588	-0.2960679	-0.4819035	0.04539895	0.036832243	1.156694	0.64132327	3.2575862	1.8030227	-2.7212896	-3.796791	8.549708	-0.80754876	2.2410202	-0.6168298	0.11087488	1.364412	-3.2085354	1.555523	-2.8850384	-1.9392815	-8.690622	1.3147157	0.4554736	3.4462075	-0.6539795	0.9329827
MI_I_168hpi_root_150	-0.67250836	0.8634968	-2.8044977	-1.418354	0.70464694	-2.4983544	-0.12096974	-0.14196068	0.55090976	1.424317	0.42476028	3.3261297	-3.7391682	1.0321631	-1.793401	2.4414907	1.4039772	0.15739763	-1.1211565	-0.378528	-0.3946547	0.037921444	-2.722241	-0.25187254	0.19468546	-0.12161505	-1.7163353	0.6351948	-0.20048028	0.7294573	2.7433176	-0.8108691	1.4874841	-3.9815464	0.08982727	2.2379436	0.88197625	2.0559762	-0.3941215	-0.40321243	-2.4335804	-0.75488436	-1.1429937	-1.7795521	0.6538558	1.3916538	-1.3077981	-4.2803063	-2.507748	0.5630659	-3.9025116	0.8861114	-0.6843847	-0.7399031	-0.48696244	0.15989089	-1.4329178	-1.0147957	0.0183298	1.2401671	2.7259197	-0.6043904	1.4760787	2.1824546	-4.803851	1.0804734	-2.8118813	-0.46224982	0.9595846	-2.5967412	2.4705427	0.03549602	2.5090504	3.2303853	-0.46468115	-0.30710295	-2.3279848	-2.2117062	-0.026607633	0.85889876
MI_I_168hpi_root_151	-1.8259232	-0.8940999	-1.7414564	3.927555	1.5151303	-0.29222417	-0.91456616	-0.87191874	-0.27621943	0.8145377	2.2711613	0.83142334	-1.1665246	0.79471123	-1.4274621	-1.2131964	-0.91607594	-0.20822728	1.415319	1.1771237	0.52646923	2.1666405	-2.6065447	-3.693943	-0.4701308	-0.6759405	2.7760024	1.3104947	0.32535484	1.3405383	2.187259	-1.4757586	-0.87347996	-2.060807	-0.90800226	3.268961	0.60908496	1.7435471	0.715202	0.87968147	-1.1828084	2.1742435	-0.70660543	-1.1393604	0.19648011	0.09572923	-1.9520602	-2.101489	-2.4866323	-0.16352624	-3.3360436	-1.874966	-1.3840684	-2.5617952	-1.5096915	0.7879497	-1.6825682	0.18988818	-1.6464791	-0.2473876	-0.12132728	-1.3230977	2.2522206	2.2406747	-3.8449724	-0.2499154	-2.6330543	0.0710967	-2.5417159	-1.9609777	3.1429186	0.4073019	-0.2929604	2.514039	2.5845203	-0.30911607	-1.5134393	-1.4711732	3.1158447	0.9247328
MI_I_168hpi_root_152	-0.83398044	1.7492703	-1.3994224	-2.607922	-1.5943451	-3.430719	0.3390448	-2.685134	-0.6549423	-1.0938046	1.2812994	-0.5371113	-2.4303725	-0.66429937	-1.0876354	1.6396241	-0.0010113716	1.385597	1.8379648	-0.32799715	0.9638907	-1.8428191	-2.6004272	-0.10985303	0.14485604	-1.793565	0.7630861	0.2048661	-0.5492979	-0.54521644	0.5536314	0.27690357	-0.46451095	-1.5150086	-1.1931612	1.7831758	0.5528717	2.8018675	-0.2793008	0.010193184	-1.6265349	3.382169	-0.82188416	-1.5439309	1.0937302	-0.35915816	-0.50113	-1.6930919	-2.234806	1.3004208	-3.2583776	0.49102342	-1.0704703	-3.3192885	-0.4345085	0.48768032	0.18232125	0.73677284	0.8873358	-2.0151377	-2.8611135	0.5231671	2.8916225	0.36586118	-3.4842434	1.0145786	-1.8949703	-0.005769074	-0.32105643	-1.8220123	2.745525	-0.019100524	-0.026309371	1.7860084	3.9349704	1.0650735	-1.7689924	-3.3221874	0.75005424	-0.10407621
MI_I_168hpi_root_153	0.4873339	1.1045947	-3.8411763	-1.6709905	-2.2654262	-4.3844275	-1.6273301	-0.64893436	-0.68597347	-1.3208237	0.84254223	0.9152218	-2.8614573	0.30970842	-0.72735906	-0.16634881	1.7659658	-2.8818755	0.06348777	-0.92101276	1.2870723	3.1667738	-2.4173064	0.83072424	-0.20890576	-0.84394825	0.815415	0.017023355	0.36127868	2.2839732	2.5489695	-0.723243	0.35088736	0.22471201	-0.1932526	3.8988674	-0.8388996	2.2339842	-0.63332653	0.2688036	-2.1439235	2.0620182	-3.1523	-1.7346698	0.682106	1.333342	-2.2439039	0.29574752	-0.8001782	1.2212735	-3.6929984	-1.5769511	-1.2846277	-3.1747863	0.7793161	0.44459724	-0.66522604	-0.045330487	-2.035192	-0.82919	-1.0741556	0.2686091	2.593367	3.0134726	-3.4530544	-0.76727986	-2.45475	0.80074745	-0.60568035	0.6461544	0.7683986	0.519068	3.4540782	2.4769256	2.922618	-0.9016507	-0.01826322	-4.1410418	-0.42933428	-2.9312027
MI_I_168hpi_root_154	0.28942928	1.7814739	-3.0638742	0.6443341	-1.6466551	-0.39894557	0.7029302	-0.9173162	-1.1575536	-2.4389834	0.18218249	-0.34577596	-2.0277617	0.123120576	-0.44919524	0.8336395	0.20002253	-1.5336668	1.7030623	-0.61339295	0.10944095	-0.48398405	-1.6027577	-0.7652254	1.0007119	-0.19402455	-0.34414983	0.029993504	-0.76362956	2.0364034	1.6945741	0.9295943	1.025916	0.5385904	0.96355003	1.4174099	0.00956881	3.7653058	0.8598245	-0.5023506	-1.8164092	0.50094676	-0.9816067	-2.6869524	1.2282665	0.36180058	-2.6021152	0.4029016	-1.1477429	-0.19544482	-1.7550695	-1.9688007	0.23921227	-0.19341016	0.010283494	-1.0914451	-0.25752646	0.43898302	-1.4556049	0.080561996	-1.3785036	-0.43096602	1.3484901	1.6754779	-2.5269835	0.08545176	-1.1054183	-0.7829056	-0.13947995	-0.24753481	1.0582834	-1.0877295	0.7027955	1.6004673	2.5065658	-0.6299414	-0.117171824	-3.8197951	0.5194166	1.903924
MI_I_168hpi_root_155	1.483469	-1.0660155	-2.3742838	2.8858337	-0.6610485	-2.0086074	-1.5535744	-0.5637511	0.24091876	0.037893116	1.1055725	-1.0029438	-2.8258312	1.6977549	-0.023867592	-0.15632069	-1.4984485	-1.8618121	1.8692732	-1.0775721	0.851732	0.13824615	-1.2535836	-1.5889602	0.12509108	0.9602378	-1.2170641	2.1995575	1.0038967	1.3115802	0.94168746	1.2304962	0.28645638	0.6546821	-0.3458535	1.8669865	0.5377252	1.1259649	0.9300833	-0.54567486	-1.2289407	1.4156404	-1.2160766	-1.7095847	-0.04365836	0.7750374	-2.4334173	-2.3173356	-1.3982251	-0.93717116	-1.8876383	0.73877764	-0.15165938	-1.5754516	0.50433916	0.585592	-1.0604987	0.7910625	0.5895287	-0.28810167	-0.16324633	-2.0524006	0.9224533	0.5939897	-2.3725772	0.24544717	-0.098679245	0.7351295	-0.045449108	-0.3459456	2.6297636	-1.2951075	4.625301	1.826274	2.5677063	-0.46412036	1.9635621	-0.9971503	-0.38487768	0.40975273
MI_C_168hpi_root_156	0.7750595	3.7544427	4.742604	-1.8171711	-1.1199114	3.1170263	-1.6980791	1.7516558	2.4436195	1.8625634	-1.5610508	-2.7804022	3.2367625	-0.4199646	1.1504769	-1.7535517	-0.24664322	1.7816422	-1.5310366	-0.14962041	-1.4323299	-0.9735986	4.5700226	1.9475147	-0.13078013	-0.13988975	-0.3832764	-2.578596	-1.4177597	-1.8366904	-2.2020407	3.222155	-1.3188102	0.1328814	-0.82131636	-3.9054673	-0.22356871	-4.6255126	-0.3751732	0.27121246	1.1331803	0.16035834	3.733564	3.1421485	-0.68230194	-2.9136114	2.6224685	3.3624256	-0.59445965	-2.4406946	7.350706	-0.62118137	-1.9571848	0.7586486	-0.47558886	-0.49372357	0.852247	1.6960753	0.6540892	0.6849892	3.3160503	1.9462514	-3.394916	-3.5836625	6.494696	-2.1300778	2.4353886	-0.5281415	2.9340255	0.73829895	-3.8366957	1.1868157	-2.3798187	-2.305161	-4.6435347	1.5452986	0.30941173	5.068445	-2.0471804	2.3145657
MI_C_168hpi_root_157	0.60101235	3.7907233	4.7889314	-2.0714965	1.2786269	3.5134735	-0.8846992	2.0490417	-2.8197236	0.7240992	-1.7176126	-2.1912951	3.1199162	-0.046233326	0.13834065	-0.9123187	0.0970912	-1.3041233	-1.351043	0.20407823	-2.1581476	0.3504863	3.872782	0.7603395	-0.8083571	-0.2792666	-0.37083042	-1.5995164	-1.2286208	-1.6986747	-0.6917541	0.4635737	0.2137505	1.0624365	-1.5092266	-2.9906693	-0.4765153	-4.391799	-1.6387401	-0.09014362	3.3266902	0.6602665	1.9019424	3.1687021	-0.3420737	-2.548938	3.0994701	1.4412074	-0.019883156	-2.177619	6.305855	0.82056665	0.08038229	0.9045797	0.1989884	1.1031597	0.51158583	-0.23377243	0.7492016	1.1878985	3.6991012	1.7961863	-3.4387085	-3.529606	3.337846	-4.0949464	4.502259	-0.3577596	-0.020372778	0.5362482	-2.9748788	1.8093746	-3.7281318	-2.0107777	-7.7421885	1.416543	1.0037153	4.7977643	-1.3345925	3.118154
CF_I_72hpi_leaf_201	0.7233212	0.9040989	2.754121	-0.42294264	0.17210804	2.3625512	-0.067091465	-0.14945382	1.201215	-0.33979696	-0.5504357	-1.4070643	2.2880917	-1.0114764	-0.2729041	-1.5511591	-0.13922189	-0.7376712	-1.7086245	0.79168695	-0.2202537	-0.42621315	3.5822659	0.45069826	0.93609226	0.2826608	-1.8157793	-1.0411636	-1.1371888	-0.90212405	-2.493167	0.53516424	0.021140601	1.6943994	2.600618	-2.9016063	-2.0517812	-0.9428619	-0.13838154	-1.1910322	0.01851356	-0.95600855	1.950052	1.5993267	0.7034805	-0.24193054	-0.020831943	-1.1764841	0.83551824	0.52367234	0.98091626	-1.4496275	-0.24834804	0.8544259	-0.32269597	-0.020623744	0.61604965	-0.5806193	0.22394109	0.50087494	-0.522456	-0.6498833	-1.6261034	-1.853219	4.034654	-1.0355364	-0.86982656	0.9259056	0.98268193	1.1286285	-0.29289854	0.9017823	-0.14992607	-0.2647611	-0.63282526	-0.08504525	1.3096266	2.5510752	-1.1035943	-0.96544456
CF_I_72hpi_leaf_202	-0.10792023	-0.7663152	1.7010857	-2.301163	-0.9422182	1.4855515	-0.26632926	1.4239473	-0.77965164	1.110085	-0.62241983	-0.70395654	1.7984253	1.6870717	0.949582	-1.7797507	-0.14567998	1.0802871	0.411631	0.51995105	-1.8215953	-0.8649837	0.8579068	1.8797395	-0.39204586	0.06538318	-0.577646	0.7811818	0.863191	-1.1214811	-0.9929623	-1.8714685	-0.92588127	-0.5662098	-0.65719604	-0.123852015	-0.8336729	-0.8430953	0.1068818	1.168444	0.6050896	-0.91771615	2.7559004	-0.039471388	-0.38933742	-1.6950637	0.99394983	1.8988829	0.86630905	-0.31254104	3.908496	0.35613072	-0.021005955	0.8013402	-1.2681708	-0.52059245	1.109154	0.8029337	-0.450566	1.4933237	-0.9127893	-0.89545804	-0.26735598	-1.0857586	2.6264567	0.26295725	1.4681888	-0.111968994	0.010980099	0.5140569	-0.46020508	-0.74234694	-1.4927156	0.17943287	-1.1703748	0.84542084	1.3364408	0.9741255	-0.38057926	-0.0055988953
CF_I_72hpi_leaf_203	-0.61616904	0.17105627	2.4793398	-0.15529874	-1.4795675	-0.39362574	-2.3604925	0.074647546	0.56600595	0.006441012	1.4053578	-1.9975986	-1.3402421	-0.3816368	-1.2429175	1.8464984	-0.37468946	0.46294674	0.15741862	0.37358063	-0.20137689	1.04136	1.5976753	0.5932706	0.72703177	-0.0091436505	0.21647574	-0.74815995	-2.0022233	-0.81313413	-2.0029285	0.9873749	-1.8423136	1.0784602	-1.0866177	-0.49911106	-1.8601065	-1.1660696	1.0455713	0.13611907	1.1181618	-0.5283673	-0.056901455	-0.17758429	-0.25630978	-0.5610858	1.0436486	-0.8737849	0.8306767	0.5336132	1.3361734	0.48694506	0.8296753	0.8225757	0.3297122	1.0673776	-0.3268783	-0.312885	0.92364705	0.3735742	-0.14473714	-0.2257894	0.8622838	-0.46189642	2.4992187	0.6824573	-0.14429504	-0.04977499	-0.30868018	0.8404162	0.70752734	1.7364786	-0.7230879	0.68603253	1.2982862	0.49907154	1.9659066	0.54599494	-1.1091594	0.6558064
CF_C_72hpi_leaf_211	0.750685	-0.3677067	-1.139292	0.6320213	0.70435596	-1.2399638	1.390584	-1.2941211	0.4403957	-1.7015148	1.4016484	1.4047444	-3.2875552	0.9410675	0.1361857	1.0363163	2.1723604	-1.6413985	3.0314417	0.81166255	1.1790597	-0.5406165	-0.16221797	2.2540941	-1.3430226	0.77799857	3.1094804	1.2476948	0.68204886	0.0052762628	1.2540593	0.30712783	0.89018965	-0.8661586	-0.119545706	3.071391	2.4169588	0.9918122	-0.64298695	0.60792065	-1.5310557	3.0644095	-0.79955935	-0.8662813	-0.022641167	0.817203	-3.1310616	-0.46215945	-0.10282588	0.047702804	-2.1097631	0.4377712	-0.78197277	-0.5857385	2.734209	-1.0627004	0.18349153	1.0771694	-1.7145358	-3.1834567	-2.3710926	0.029360473	0.32222152	1.63908	-3.428703	0.20754021	-0.7744532	0.1993455	-0.79321426	1.4088151	1.3179489	1.176097	1.0556581	2.1200001	3.8405728	0.8007895	0.21935683	-0.70033085	4.544236	-0.44966
CF_C_72hpi_leaf_221	-0.9966463	-0.21841407	-2.4243512	2.3916006	0.3647424	-1.1937945	0.6290715	-1.8709315	-1.4313152	-0.8778098	0.94430864	0.3648165	-0.36465192	1.1900971	-0.066759795	-0.6747946	-1.0914742	1.4108711	0.41549554	0.3056951	0.43269503	1.3649259	-0.3682992	0.99447316	-0.7683886	1.7929815	-0.09052676	0.83324385	-1.8067212	0.83013785	0.843709	-2.353629	0.030534245	-0.4584601	0.62153006	2.594862	0.04827358	0.3390805	-1.6842983	-2.0537372	0.16052002	-1.2494308	-2.1083999	-0.8123008	-1.3799613	0.40340865	-0.76593953	0.26839086	0.34618756	0.3816164	-3.2781258	-1.2005609	-0.27175862	0.75365686	1.9063195	-0.280488	-0.2975936	-0.34862626	-1.015236	-3.2615092	-2.2604156	-1.3823527	0.1738357	0.8360204	-1.343489	0.7597351	-0.64808923	-0.9648492	-0.18283159	-0.567255	0.073771596	-0.035856813	1.1782631	1.1886083	2.2450035	1.0147212	0.59551144	-3.244836	-0.5780075	-0.52409834
CF_C_72hpi_leaf_223	1.2405002	-0.19368036	-0.070825666	1.0690945	-2.1223807	-1.9070523	-0.773373	1.1881443	0.5369468	1.3949578	1.58961	-0.68036574	1.3690462	0.84487957	-0.8293444	0.29272342	0.24377744	0.40151036	-0.8824079	0.08374584	1.4190985	-0.843441	-0.5026635	-0.035423797	-1.311321	0.8292536	-0.121478185	0.85294867	-0.4511634	-1.7552395	0.8309772	0.9622108	1.1958485	-4.9254026	-1.7606812	0.44781765	-0.7605189	1.5683901	-0.08652271	0.7744104	0.4930722	-0.6151979	-2.5920076	0.14115715	0.078160465	-0.56601983	-0.25700894	-0.5479251	-0.88787675	-0.27524865	-2.552226	1.9774067	-1.1983446	-1.0797747	1.9255323	-0.19078001	-0.28825283	-0.46793926	-0.17954414	-0.22496477	-1.4074762	-0.6762627	0.8192587	-0.9811487	0.3780593	1.1071175	-1.3793471	2.1996157	-0.50934994	0.505455	0.3712977	-0.10307649	0.019559562	-0.92879635	-0.17271495	0.6326988	-0.45649984	0.14082134	0.12196076	-1.7311418
PI_I_72hpi_leaf_686	-1.4748578	0.76918614	-6.8526917	2.991479	-0.8345715	-2.442395	0.29920006	-0.5762261	-0.57863945	-0.60496354	2.1289325	2.428814	-4.5413733	1.0246838	-0.6147885	0.7360376	2.0143209	-4.2388687	-0.44038975	-0.028452527	0.86408925	-0.120747715	-3.6497803	-0.40820444	-0.54961455	1.660382	1.8708856	1.44723	0.35499668	1.2549474	3.390386	0.28965443	0.8237915	-0.33502078	-0.53156906	4.5715475	0.7394122	2.7754245	-0.2643376	-0.20912635	-3.1801624	1.4866636	-0.8237586	-2.9869308	1.705614	0.71234214	-0.9345834	-1.8414329	-1.0888865	1.5376532	-4.7085247	-0.59220266	0.09471327	0.0501976	-0.26207954	0.7693524	-0.59113926	0.4098785	-3.0145206	0.49632123	-1.9080915	-0.62593496	1.0899637	2.7913675	-5.5200915	-1.3303527	-4.17413	0.011707425	-0.98047364	-2.7324305	2.1598153	1.0367411	1.9217412	2.8161118	3.6567814	-1.4013402	-1.6314799	-3.4801412	2.06289	0.79311395
PI_I_72hpi_leaf_687	-1.2176696	-1.978108	-3.65247	2.5853496	0.5286831	-2.5979571	-1.6023695	0.8974118	0.44913298	1.154541	1.5092094	0.6911747	-0.9574695	0.94464636	-0.19523397	-0.3271321	1.1541276	-1.5852419	-0.04334849	-0.1325427	0.16387528	0.024089158	-3.0271573	0.6013281	1.4947498	0.9101036	-0.72010237	-0.0166865	0.3418641	0.31354886	2.999145	-1.4440665	-0.44663128	-0.14332992	0.41909856	1.2425992	1.4987319	2.0784056	-0.60998094	0.8629254	-1.838587	-1.033421	-1.6243324	-6.4682646	-0.10424936	0.66012424	1.4753422	0.274597	0.8562393	0.6042367	-3.9229448	-1.2384984	1.2591822	1.3001051	0.124326736	-0.4908387	-2.329015	-1.7060912	-0.35751244	1.1782066	0.79026127	-2.4019976	0.13944995	2.4766483	-4.212623	-0.27724895	-3.406044	-0.44700503	-0.60689867	-0.15013433	1.5132704	-0.6185479	0.07840234	1.0408361	2.8272471	1.7171186	-1.0537726	-4.074608	1.3280998	1.7196106
PI_I_72hpi_leaf_690	-1.6926283	-0.4463992	-3.8572772	-2.0685773	0.37594438	-5.181791	-0.9660891	-2.1668448	-0.78089595	-0.2665128	2.9427252	3.8424811	-2.421803	1.0016352	-0.011232436	-0.95231843	0.6734572	-1.8220024	1.7411793	-1.0922967	1.6191474	-0.08753303	-5.0951853	-1.4530257	-0.987174	-0.7588817	2.678307	0.14899552	-0.16059026	1.2137555	3.1255786	-0.34010357	-0.7475058	0.6223462	-0.055463552	4.8030787	0.8102073	1.7131202	0.065622956	0.17392175	-3.430291	1.0748777	-2.433001	-0.79087067	0.8540911	2.559959	-2.5138142	-1.5423023	2.1320038	1.2659224	-5.6164017	-3.7662892	0.15730822	-2.4945345	0.13254982	-1.1614828	-0.9680432	0.009595633	-1.7094669	-2.3970404	-2.6887515	-1.1978189	3.0819483	4.2277846	-5.07734	-0.34966302	-4.5853076	-2.1732907	-2.841638	-3.2827513	2.5363705	1.4872336	0.13224244	2.517392	5.4844117	-0.22555482	-0.104714274	-5.004374	-2.1258473	1.1182258
PI_I_72hpi_leaf_691	-1.2227519	0.23140001	-3.9319372	1.3073306	0.8904326	-1.5747788	-1.483674	-0.25984764	-1.7422545	-0.006171882	1.0855391	1.1934904	-3.1119947	-0.55395865	-0.1593472	0.3519435	-0.3962164	-2.0011876	2.2050872	-0.36729515	1.7495666	-0.3286231	-2.2387059	0.48111987	-0.9177677	-1.9941176	2.18051	0.58212924	-0.42029965	1.562428	2.621323	-0.3341986	0.4642413	-1.1613218	0.024207592	2.6318548	1.8966204	1.3395854	1.2803822	-0.5080223	-2.4590633	1.2722607	-2.367957	-1.1111386	1.4050047	2.5440145	-3.5382986	-2.997047	-0.022043288	1.1137509	-4.479025	-0.18637776	0.5701637	-1.1239434	-0.026548594	-1.3445506	-0.54821587	-0.6001583	-1.2115651	-0.05949931	-2.685556	0.22391742	2.6223445	2.784273	-3.9046004	0.19702312	-1.1494788	-0.13029553	-0.068648696	-2.2988677	-1.0423427	-1.2734144	0.8233938	1.9654062	2.0259447	-1.8154063	-1.702712	-2.4559124	2.4864223	4.5366592
PI_I_72hpi_leaf_692	-0.8197079	-1.598732	-6.558403	2.9191127	-0.91133773	-3.85371	-2.2677534	-1.7618997	-1.0978585	1.1916174	1.7255962	2.8887863	-2.5802035	1.3211232	-0.019721717	0.87463117	0.329599	0.9012381	1.0186474	-0.8779925	0.94868445	2.860455	-2.6581438	-2.848884	-0.7881077	0.6983198	1.3893569	-0.28536385	-0.1824376	2.3006601	3.0790915	1.0963006	0.5826185	-1.3408028	-1.4829144	3.8252995	2.3564248	3.4255686	0.167211	0.2339145	-3.3153706	1.5561359	-2.170035	-3.8939264	1.8815348	0.47990096	-2.005991	-2.1690812	-1.577859	0.5426435	-5.0610414	0.9890772	-0.69161606	-2.2820177	-1.3083253	0.7471646	-0.90184027	-0.32050282	-1.634885	-2.149918	-2.6749961	-1.4362665	1.7434924	4.5585346	-5.5442224	0.22587505	-1.964659	-1.2128584	-1.2581035	-3.4265492	4.5952597	-0.3784813	3.105937	1.6270149	6.364811	-1.4425188	-0.7944821	-3.5301704	2.8663025	-3.8707583
PI_I_72hpi_leaf_693	0.8834847	-0.6801748	-2.084249	-1.5830097	0.37955487	-3.196489	0.08068225	-0.5625694	-0.10569644	0.23977542	1.5568658	1.0426253	-1.4234475	0.347706	0.47577465	-2.3396518	1.7207202	-0.16595691	1.1254684	0.076752275	-0.71000576	0.20775752	-3.2015767	-0.7910654	-0.7884778	0.93717223	-1.682641	0.8688459	-0.38313958	1.8851678	1.6896443	1.5004213	-1.4137797	-0.2764532	-0.34432206	4.0820208	0.34156173	1.3319284	1.6251583	-0.20933315	-2.811526	3.352313	-3.2312245	-1.9699607	0.8452233	2.5744553	-2.0331945	-1.7921233	-2.678844	-0.07453239	-4.118974	0.3281318	-0.17355818	-1.6014037	-0.40537798	0.3891785	-0.37383273	-0.99717605	-0.43664846	-1.2623856	-1.0550591	-0.87755084	2.2649317	2.4576454	-3.8994808	-0.38664472	-2.245456	-0.1775085	-0.90533507	-2.2657204	1.3825574	0.6562484	1.0279008	4.3095055	3.063833	-2.8945575	-0.3282379	-4.231729	1.0192661	-0.1444897
PI_C_0hpi_leaf_694	0.1714729	1.5741326	-3.503419	1.4867209	-0.33995792	-0.9832467	-0.36395818	-0.83419055	-1.0007585	-1.2997487	1.8551235	2.037256	-2.4856398	0.009997491	-1.5638489	-0.75026894	0.7212169	0.45734394	-1.3028679	-0.6785252	0.3951577	-0.21858604	-1.3111274	1.0016856	-2.1487427	-1.0606029	0.1140047	-0.18602511	-0.4546092	0.7544856	0.36023366	0.081278086	0.0630611	1.6900265	0.39710104	2.9032576	1.2177308	1.4982713	1.1318812	-0.34855306	-1.3404219	2.0933342	-1.682413	-2.282319	-0.2175108	0.35706186	-3.0842638	-1.4988089	-2.4930134	-0.64572716	-3.856541	-1.8652498	-0.07297267	-2.3062408	0.94509846	-1.9000973	0.3159014	0.27528915	0.16004801	-0.22742596	-1.9303443	-0.43243882	1.1314638	2.1043804	-3.902709	0.08838731	-1.8450348	-2.0693655	-1.0587423	-1.7593222	0.39859164	1.0524234	2.840953	2.1008518	2.27563	-2.222727	-0.701952	-2.6346517	0.7299259	1.3549719
PI_C_0hpi_leaf_695	-2.413961	0.48035488	-2.2506669	3.7896276	-0.290716	-2.5244431	0.015981495	-2.100344	-0.8022397	1.9781132	2.8978257	0.2326616	-1.6823462	-0.7227543	-0.49659413	1.46122	1.9344721	-3.4082046	2.3851953	1.1746216	0.2650854	0.2752407	-1.0375506	2.0015254	-2.3593528	-1.2923007	0.9632295	-1.212976	-1.5170346	0.32046056	0.84781945	-0.6982276	0.3016141	0.15283227	0.3048867	0.6804459	-0.84184045	2.493951	0.16834548	0.6316925	-2.1881516	-2.6897516	-1.0638304	-0.9092424	1.2571232	2.447616	-2.0543628	-1.5093901	-2.314003	0.35124752	-3.2909763	0.8056936	0.26388478	-3.1823483	0.36032462	-2.1700053	-1.8367196	0.74886626	-0.32760546	0.11729087	-1.7456934	-0.8648263	1.3677602	-0.5326686	-3.402538	0.12926172	-1.5060923	0.015603393	-1.4979713	1.686346	0.91862524	-0.4846787	1.8765094	2.294634	1.9496346	0.32519603	-1.4992695	-2.0845792	3.1512933	1.3240616
PI_C_0hpi_leaf_696	0.4273696	-1.1014863	-1.4165751	0.012746453	0.061609253	-1.8868777	0.2007598	-0.58915186	-0.11809927	2.8531349	0.9061018	1.2118508	-2.3545797	-0.47778335	-1.3505933	-1.0403581	-1.7723273	-1.0965402	1.9194621	1.381838	0.4250757	-0.19327772	-0.28248584	-0.070872724	-1.6041832	-0.37993407	0.56914186	1.2135226	-0.074778706	1.2149198	0.8899279	-1.1087873	-1.0124278	-0.9348315	-1.1535875	0.35142207	-0.3392557	2.1358755	-0.32041925	0.21459529	-1.8435253	2.1994448	-2.4676762	-1.1061112	-1.0614843	1.8368604	-0.32498205	-1.878234	-1.0519063	0.8626342	-4.013575	0.17345464	-1.7213187	-0.26275015	2.3564315	-0.49985617	-1.9223677	0.4682887	-2.461459	-0.14484045	0.26990402	0.16635436	2.8175347	1.1733139	-2.7811744	0.008534633	-0.4198979	0.3444864	-0.44754326	-3.9199657	1.5589086	-0.6804936	-0.3019874	2.4857516	1.863342	3.7298431	0.93579245	-2.5352168	2.8093178	-2.0115
PI_C_0hpi_leaf_697	1.0597723	-2.2665088	-3.0019882	2.414452	-0.41296983	-1.7005843	-0.19821474	-0.8121467	-2.3611858	-0.20264246	0.9650779	2.8549142	0.28700817	0.5658426	-1.3344467	1.5361836	1.6610632	2.0668094	0.87838846	-2.1909072	0.6241646	-0.39063358	-2.1440983	-0.9079693	-0.44944823	-0.33816528	-0.59209263	-1.3410692	-0.24246609	0.7449194	1.1659726	-1.6177921	0.59078395	-0.77688664	-1.6232661	1.9664172	-0.73578346	1.1925237	-0.90425485	0.20078689	-1.1431668	2.2087183	-1.5967225	-1.4720762	-0.9388571	-1.1239098	-0.95118445	-0.02231592	0.061622858	0.7407366	-3.5772827	-1.5666724	-0.98135144	-1.9205662	2.1078827	-0.19677395	-0.575239	0.66977286	-1.3369119	1.203121	-0.6448798	1.9511504	1.8212755	0.78789693	-3.5069788	-0.1208784	-2.6530442	2.156405	-0.3687103	2.4356854	0.8717494	0.57886326	0.6214011	2.1720831	2.2436068	-2.499155	-0.6253371	-3.0810409	-1.726594	-2.071002
PI_C_0hpi_leaf_698	-1.7193563	-0.5037103	-2.5503678	-0.09553206	1.773646	-1.1910651	-0.020842075	0.21002218	1.3856857	-0.34416932	2.8789744	1.1078886	-0.20262313	2.0229654	0.59928817	-1.1155052	0.07666445	2.5762002	-0.029958397	-0.6489571	-0.0360353	-3.2096817	-0.45200384	-1.9645531	0.23542899	-0.16252363	0.8248987	-0.253928	-1.5552785	1.7177315	-1.2207308	0.2652117	2.5476532	-1.2609749	1.2655699	2.2185884	0.30238432	0.5380181	-0.7130209	-0.20771101	0.5982274	-0.7016305	-1.7602082	-0.23351377	-1.4830073	-0.033872113	-1.1621404	-1.1541773	-0.74315286	0.7157995	-2.2339756	-0.29780456	0.36735165	-0.70337486	-1.0312557	-1.4864476	-0.73762107	1.3340718	1.2279513	-1.5181563	-4.1857195	-1.1148511	0.6323511	-0.091697216	-2.4681327	1.3947301	-0.81998134	1.3096435	-0.98268306	1.8169367	1.4263899	-0.030587018	0.68943965	0.5055986	1.4529805	-1.9674442	-2.3526719	-2.0916698	-1.6188371	1.648399
PI_C_0hpi_leaf_699	-0.6638129	-0.9969669	-3.3189352	-2.574854	-3.4222612	-0.35729074	-0.30810088	-1.4901316	-0.6601403	1.7570597	1.9074776	0.6189935	-2.227469	-1.0180545	0.9654647	-0.51374596	1.3810468	-1.161196	1.752976	-1.7918966	0.8099101	1.5095383	-1.6142752	-0.54457664	-0.6868881	0.2181886	-0.73564386	0.097839504	-0.53879833	-2.316196	-0.34120238	-1.1758579	-0.34724602	-1.4864808	-0.6778193	0.5515231	-0.56162876	1.577382	-0.96193063	-0.14624038	-1.7122563	0.31275573	-1.820981	-1.6677449	0.09771621	-0.2910663	-0.71310794	-0.694162	-0.33404112	0.06657002	-4.2969966	-1.4484817	1.4054068	-1.815908	1.8600036	2.0523448	0.1127699	0.009858489	-0.94654024	-0.29995036	-0.025944948	-1.6835191	1.7605629	0.7412605	-4.6829658	-0.06707831	-1.4109771	-0.406487	-3.6214862	-0.68759114	3.4448333	0.050728124	0.6394656	3.5081112	1.9432871	0.05024177	-1.9737273	-2.1313834	2.9576113	1.5560606
PM_I_408hpi_root_355	1.70781	-1.3222995	2.8951871	-0.9875616	-2.3962824	2.0894165	0.08043972	2.0313263	0.09225696	-0.61620057	-1.6204047	-1.8897251	1.4309781	-0.5677661	4.165822	-0.42855623	0.04755652	0.5365783	-0.5894501	0.41198313	-1.1080081	-0.75680506	-0.2239672	0.56750906	1.0662208	0.88453275	-0.446355	0.9121688	0.12533808	-0.90176386	-1.521976	-1.2963626	-1.6575862	3.3433542	0.6197467	-2.93318	0.11866212	-1.3855169	1.4865308	1.7399392	2.4246228	1.6718587	2.49906	3.3118446	1.4094515	-0.48881882	-0.123200655	0.9507461	1.4987676	-0.89990526	0.90011907	0.84354573	2.117623	1.0530918	0.43380582	1.5348845	0.6754184	-1.0031861	0.35200837	0.7526363	0.051380098	1.5499451	-4.2119946	-2.1572347	4.181791	-1.8080857	2.5282385	0.6665726	0.3263899	0.8966263	-1.762143	0.4490996	-1.1172817	-1.0017439	-1.752632	-0.4070522	1.6440663	1.8780855	-1.090313	0.5048684
PM_I_408hpi_root_356	0.8212764	-0.2843095	2.0002286	-0.050397128	-1.1046745	1.3618811	0.8139748	-0.11021426	0.94712585	-1.1821005	0.38334888	-1.8434083	2.031667	0.42021328	-2.555924	0.06735416	-2.636536	0.9677253	-0.8273103	-0.28327668	-3.4034348	-0.10558313	0.5203173	0.16114154	0.557901	0.042138234	-0.70227456	0.8294746	1.5976956	-1.2421973	-1.3943746	0.6761822	0.7546749	1.0869435	0.21489142	-2.5217092	0.044751883	-0.70362055	0.8356936	1.0163518	2.417481	-1.1898162	3.073063	0.9522018	1.0321255	0.8455384	1.0489862	0.3901642	-0.840994	0.95635915	4.9355936	0.43505448	0.7067571	-0.61104655	0.27101514	-0.37904721	-0.011137724	-0.5020363	0.6066917	1.975931	-0.10078898	0.2704426	-3.7045534	-1.8447789	-0.5712104	1.2667928	1.0372744	-0.6363149	0.4724602	1.7560507	-0.59335494	-0.33833897	-0.33649004	-1.6180626	-1.4016966	-1.0854311	2.6318383	1.9455173	-0.6137568	1.7085994
PM_I_408hpi_root_357	1.3793625	0.41217887	2.0909681	-0.12354395	-0.4003749	0.10780144	0.20898736	0.25266832	0.98073435	-0.44889724	0.18331796	-2.7388577	1.1534956	-0.23594671	1.824229	-0.49656063	-1.3102908	-0.032754302	-1.5932454	-1.4075785	-0.9373762	0.65952885	0.2026946	0.4883397	1.3748531	-0.08604094	0.24631259	0.548744	-0.6351913	0.50302184	-2.2378182	-0.48381793	-0.5346777	1.4339273	0.2993246	-1.8632804	-1.9525437	-0.3557358	1.8873513	-2.167798	1.1732894	-0.8244809	1.6674006	1.29005	0.18252732	0.9895445	0.62159157	0.93333656	0.42150646	3.304633	3.3624356	-0.079278946	-1.0315905	-0.1927551	0.17770833	0.17624885	0.3602047	-0.9501153	0.38809815	-0.49533284	-0.8049434	1.0443448	-0.3464845	-2.1388245	6.468355	-0.49387312	2.4967694	0.9963489	0.55584294	2.009645	-1.5229468	-0.78028816	-0.4356386	-2.088514	-0.3322792	0.061853968	1.1949179	0.62741786	-0.22045958	-1.0219871
PM_I_408hpi_root_358	1.2717535	-1.1169722	1.4909554	-0.46873587	-0.39853275	-0.46311593	0.024123713	0.91634965	1.7868793	-0.7361724	1.132025	-1.1489983	0.296467	-0.42486537	0.9624251	0.749131	-1.4747458	-0.42222625	-0.81680274	1.2131912	-0.38239473	0.35261372	4.3009973	0.28401995	0.71661305	0.43302017	0.1297924	-0.6701415	1.9114504	0.7578405	-1.8420248	-1.090828	-1.9087584	-1.8100958	-0.061659366	-1.3777094	-1.3418106	0.18123722	0.31608412	-2.1382952	1.2799661	0.19271684	1.6868054	1.5056505	2.5943792	-0.08374126	0.10946253	-0.71488816	-0.8605043	0.4616716	4.700674	2.711115	1.1180413	1.6381071	0.35226315	1.4719446	-0.83572507	-0.4512763	-0.56756294	-0.5414628	-0.82567686	0.05281271	0.013253927	-2.1567197	4.981333	-0.7823086	1.3199186	0.8165774	-0.024792314	1.4367256	-0.8509064	0.8438466	-0.047178745	0.0022894144	-0.5769155	-0.61671907	3.6521711	1.7197968	0.22846857	1.0797497
PM_I_408hpi_root_359	-0.52891874	-1.2581946	2.035982	-1.3125911	-0.5256181	1.0561107	0.024222553	-0.73928404	0.5074171	0.055412278	-0.33286345	-1.1825662	0.8647305	-0.6695359	-1.0537357	0.50823075	0.4985873	-0.29213518	-1.9301798	0.7905433	1.2449026	-0.6820539	2.7325892	0.78377354	1.9967158	0.35459873	-0.66549075	-2.017898	1.5334008	-1.2352298	-2.6538763	-0.7757739	1.1114694	3.015986	-1.1181779	-2.340083	-1.367327	-0.06776065	1.3358958	1.243452	1.9285948	-1.5471742	0.9794067	2.5134106	2.0179236	0.21479319	0.048920274	1.7142463	-2.0777116	-0.68490684	3.3200827	1.1802429	-0.15734741	0.9216894	1.0892351	-0.21931195	0.9970706	-0.97687244	-1.0465437	0.6309751	-0.7414961	1.1344271	0.6825689	-1.3135912	4.0201335	-0.32465225	-0.1906743	-1.68026	-0.5920788	0.4835809	-3.4225185	-1.1591746	-1.2610124	-1.8223925	0.24355638	-0.35038364	0.8652512	0.55074847	-0.3652627	-0.23061806
PM_I_408hpi_root_360	-0.779755	-1.1693119	2.460666	-0.53943855	1.0610206	0.0091097355	-0.79692256	0.45655715	0.76002586	-0.5483335	-1.418261	-1.5840142	-0.25409627	-0.49931592	1.5951287	-0.036314964	-0.84719455	0.19968393	-1.8165052	-0.7518223	-0.4032684	-0.47617346	1.0242872	-1.2375618	0.056064725	-0.06992833	-0.35071757	-0.75706434	1.9110085	-0.46245342	-3.2893908	-0.31198114	-2.3096771	0.35005575	0.9115775	-0.7854915	-0.8378283	-0.38138512	0.10380584	-3.0572374	2.8295972	-1.1794494	3.5425303	2.8543518	0.9096423	0.6676069	1.4496692	-0.69359964	1.6759652	1.2082231	-0.58669984	0.5285925	1.4341733	0.839813	0.26971814	-0.36432892	-0.014843404	1.5323503	-0.27829805	0.342358	-0.85675377	1.3197585	-1.5073278	-2.0978036	2.3506296	0.56711805	1.386573	-0.4755657	0.19067726	1.5705671	-0.48059553	-0.62846434	-1.3631704	-2.082668	-1.021416	-0.46821213	2.350996	1.9076664	-0.88351285	0.15468797
PS23_I_408hpi_root_361	1.1854022	0.58806914	2.5687575	-0.8134473	1.7293713	0.54140234	-2.5038471	-0.43962073	0.645927	0.96350443	-1.4923844	-1.2416353	0.80779827	-0.24327151	-1.2749356	0.69772834	-0.22037059	0.13246411	-1.2570529	0.37543416	0.2051062	-1.0139033	4.2825336	-1.2235539	0.8411709	-0.2999166	-0.23517323	0.36384922	2.314695	0.08515686	-3.7659624	0.935119	-0.3881843	1.9661964	-0.6479285	-3.6045249	-1.2429502	-1.3185422	0.8869324	1.3875328	1.6810051	-0.6601914	1.0602113	1.3638165	0.44419277	-0.10390082	0.33362877	2.0049403	1.6745996	-0.19597934	0.9765425	1.4144946	-0.23546982	0.67691994	-0.3407005	-1.0830805	0.55909276	-0.55856514	0.3505175	-0.87341166	-0.55969447	0.7104201	-3.78893	-2.2310028	4.7945547	1.7997057	2.094623	-0.13288486	0.9215808	1.1551473	-1.7986991	0.43507874	-1.8459055	-1.2938612	-0.18030608	0.3608592	-0.6847632	2.8564858	-1.8118706	0.33124375
PS23_I_408hpi_root_362	-0.9059464	-0.7174783	2.831896	-0.2696611	-0.29293725	1.7407691	-0.04268366	0.78937244	-0.9136731	0.027973622	-1.4084017	-1.4553154	2.0025423	-0.36181653	-2.5440133	1.5474006	0.08102894	1.4029586	-0.6981735	-0.5142583	0.04146096	-0.34071818	3.7672305	0.57832134	0.21916586	1.2656282	0.4321205	-0.78828746	0.60341907	-0.083488554	-2.9837615	0.5229282	-1.8661876	2.625195	0.53191715	-1.8360782	0.057572305	-1.0218809	-0.587913	1.0583308	0.9390156	-0.13941947	-0.5681629	0.52340096	-1.2023101	0.19155706	1.2619814	1.6059997	0.80961967	-0.05994083	3.3751802	0.44359538	-1.1211175	0.93500656	-0.48728317	0.4974767	1.3201728	0.2920263	-1.1903639	2.0387728	0.036233604	1.8333845	-4.6019254	-2.2494113	4.382292	-1.2137728	0.48529088	-2.435564	-0.3978443	2.0481195	0.047018826	0.47116786	-0.85898685	-1.4658511	-0.41554487	-0.12286338	4.2707925	1.8571049	-0.54969984	0.81302136
PS23_I_408hpi_root_363	-1.4848948	-0.17724651	1.242996	-0.3458785	-1.1648937	0.38004923	-0.75944245	0.8476144	1.6889606	-0.25613564	-1.2269422	-1.9183843	0.46769267	-0.28554863	-0.5257542	1.12417	1.0336602	-0.44334948	-0.9243938	-0.2838189	-0.8320266	-0.30065832	2.8474243	1.1553596	-0.6897277	0.21741721	0.19616194	-0.32997945	5.1136203	0.77843004	-1.5916201	0.82757723	-1.4564588	1.0628711	-0.065045804	-2.8705935	-2.2697597	-0.20518291	0.052762985	0.63742435	0.35696304	-0.9487294	1.9345994	1.0025012	3.9759855	1.6928239	0.32338035	-0.2510293	1.1113536	0.6738679	3.029424	-0.2969874	0.45536527	0.4568298	-0.02103801	0.9954513	-0.12605697	-0.13718735	-0.5560281	0.32861632	-0.6745841	0.113221645	-2.8801146	-1.8290784	3.5466652	-0.26893473	0.73663926	-0.59415275	0.38402534	0.7821911	-1.5026945	1.4630686	0.84516954	-2.431414	-1.9337159	0.7064657	3.8082776	0.25024903	-1.6341676	0.8771668
PS23_I_408hpi_root_364	0.35381964	-2.9470806	2.653827	-0.08391508	2.1928153	0.78156114	1.4315298	0.6789628	0.8052012	-0.87565297	-0.78321767	-0.7030891	0.7605084	0.029108241	0.7452744	-0.2573895	-0.39157036	-0.45801294	-0.5174518	-0.10377771	0.902627	-2.196927	1.0007957	-0.5065752	1.0206059	0.2736196	1.0485219	-0.16973181	3.1737452	1.7020702	-3.094195	-1.0925868	1.5781122	0.5524012	1.2148514	-1.3680902	0.23601025	0.6698432	1.5015867	-0.3482967	2.138413	-1.1462809	2.9946985	-0.053724825	1.9832292	1.1882558	0.2963581	0.10507244	-0.3577916	0.9578012	1.7751725	0.8575469	-0.7490176	1.268662	-0.50913215	-0.5448073	-2.3914065	-0.49479988	-1.6130705	-0.3545522	-0.56038344	-0.34765542	0.74683225	-1.4425578	3.131502	1.3447961	1.3726914	0.58139074	1.397032	0.9087255	-0.8756916	-1.2833359	-0.9247773	0.21187186	-0.5857437	-0.6191125	0.5078407	1.9184546	-0.93081605	-0.30317235
PS23_I_408hpi_root_365	0.78701675	-1.8530359	3.6382096	-1.4621118	1.1061975	2.3018994	0.16275159	0.9972364	1.1299462	-0.02295534	-0.90054697	-0.64930624	2.9779625	-0.64539707	1.6933849	-2.0551603	-0.5073871	0.5795437	-1.7761908	0.10592741	0.2094509	-0.9988307	1.4665923	-0.10185087	1.6909503	0.2863113	-0.5981109	-0.74439317	-3.2876604	-1.3257979	-2.112805	0.2750065	0.14162374	-0.11258912	-0.38951182	-2.4013991	1.1348109	-2.6804976	0.9415745	0.44703272	2.9685097	0.70825857	1.9377635	2.1628897	2.0652072	-2.2614365	2.717064	2.55052	0.62870026	0.0038472116	3.6671836	1.0729542	-1.2728921	1.4476473	-0.09329629	1.0077353	-2.2981958	-0.51177514	0.11998062	2.456374	0.2982389	1.7135687	-0.8560742	-2.125519	3.215141	-0.6995848	3.4890313	-3.5890622	2.0189037	1.1371219	-2.230835	0.5187684	-0.98669815	-1.6137998	-0.68836594	0.52949786	2.036999	1.4394276	-1.3283617	1.4322057
PS23_I_408hpi_root_366	0.74588275	-0.56709975	2.4700027	-0.65761167	0.87093925	1.6263907	1.2239842	0.5140196	0.54401493	0.19721128	-1.030727	-1.4028354	1.3634412	-0.30570984	-0.19467603	-1.241606	-1.6269859	0.2826627	-1.5437751	-0.0074219853	1.3031158	-1.236585	0.3422773	-0.10277951	1.0440917	-0.10987433	0.710425	1.1961637	-2.4628553	0.38184142	-2.703353	1.0991912	-0.34776902	2.7264748	0.7673913	-1.248528	-0.5602744	-0.69826496	0.3345224	-1.5551242	2.3887832	0.075903535	2.6447933	4.355155	1.5380108	0.4443125	0.5183053	1.4927434	0.4993013	-0.3294701	-0.7929399	-3.4399948	-1.2311106	1.5369899	0.16335471	0.62699693	2.2530022	-1.1666338	-0.2781664	1.0072331	0.43063188	0.48878127	-0.3330593	-2.7065287	1.2644608	0.28189045	3.2438865	-0.7413254	0.70688105	0.37525916	-2.451515	0.15868759	-1.5592983	-1.15556	-4.74655	0.87433887	-1.2206097	2.691497	-0.9626046	0.37621263
PMPS23_C_408hpi_root_367	0.01748234	-0.41837293	3.2037208	-1.740823	-1.9426411	2.856971	0.33302101	0.6661826	-0.6113162	-1.118763	-0.8120948	-1.921387	1.8056265	-0.92886186	1.7201875	-1.0221409	1.0937052	0.10566002	-1.3990686	0.47715324	-1.8551186	0.12580386	0.36923385	-0.27185148	2.0689576	0.9041888	0.12968245	0.33387625	2.5866175	-0.14116547	-1.5590233	-0.5602484	0.5913918	1.3044878	0.30063233	-2.4298692	-0.40674695	-1.4987913	2.3396752	-1.0509421	2.1334178	-1.2023821	2.6107662	3.7856812	-0.3621024	-1.3500924	3.8076231	0.7598638	0.8372613	0.35066465	0.30486393	2.8167453	-0.9823942	0.32733083	0.63601923	0.3979004	0.21620026	-0.6163018	0.59233755	-1.2155479	0.5497633	1.0841959	-5.9866915	-2.533835	7.065509	-0.8704099	0.44502795	-0.91277504	0.1442801	0.19665658	-0.5820165	-1.1908967	-1.1443853	-1.1222001	-2.004416	0.15485324	2.38842	2.6459582	-1.2156446	2.0598495
PMPS23_C_408hpi_root_368	1.1332568	-1.328338	3.2647123	-0.68565476	0.29589003	1.6499538	0.8987981	1.5355861	1.085539	-0.47012568	-0.80374634	-1.0062156	1.6763219	-0.471236	-0.89485073	-0.31118524	-0.32220238	-0.42532867	-1.0444684	-0.5747389	1.0275898	0.18913928	1.2940276	0.87203085	1.5363076	0.040734865	-1.6901867	-1.1721163	-0.5793408	0.20248681	-1.6793317	0.8561388	-0.9507375	0.21677136	1.7342229	-0.8086101	0.549296	-1.6161423	0.06322831	-1.1057425	2.7888904	-0.15914556	1.583003	2.1529799	-0.63282055	0.40839005	3.6553683	1.0620828	0.088847995	0.9223976	2.9386108	0.70112777	2.1376355	1.4871716	-0.116152585	-0.3383311	2.093338	1.6976095	0.14123268	0.94895786	0.2547803	0.15282908	-1.3152766	-2.4160414	4.6959934	-0.20472226	0.25323582	-1.0029005	0.3501821	-1.7487425	-1.0331622	-0.024826258	-1.5139302	-2.52719	-4.2100673	-0.12643337	2.3850193	2.411132	-0.117623806	2.0092893
PMPS23_C_408hpi_root_369	-0.083146036	-0.7235236	1.7362492	0.015187889	1.3026421	1.8861178	-1.4285368	0.32097656	0.38093457	-0.8730674	-1.5390902	-1.5853437	1.41131	0.18561633	-0.6470094	0.76682043	-2.0829778	1.7303468	0.64564043	0.49543613	1.3065629	-0.19190648	1.92321	0.5653354	0.5073678	0.028860256	0.6737697	-0.5780113	-4.648142	-1.5507047	-3.0382357	-1.2195804	-1.2252455	0.058386922	0.22979671	-1.0244553	-2.8025	0.8187457	1.4085318	2.1264572	2.312974	-0.38848978	1.6167203	0.91073465	0.83437514	0.17295672	1.0013961	1.9987066	1.0906081	6.136635	1.9261644	-0.10285574	0.049285978	1.1666359	-0.6923249	0.23175538	0.9862216	-0.58337504	-1.231047	0.046936363	-0.07701737	0.9176389	1.2310642	-2.0323753	-0.99342155	0.8536212	-0.061416626	-2.3765917	1.395823	0.8729822	-1.8722582	-1.210319	-2.0112662	-1.0779741	0.9813354	0.23681642	0.61638427	1.6572598	-2.1007416	-0.61994076
PMPS23_C_408hpi_root_370	1.4177427	-1.3691099	2.6872258	-0.22724998	0.2671885	1.6188469	1.2502098	0.967661	0.8194611	-1.2565056	-1.2531028	-0.1578502	1.0281649	0.67015076	-2.2479637	1.1414486	-1.9358319	0.72039175	-0.66681904	-0.2574358	0.24528906	-1.8145037	-0.05285883	-1.2843611	1.4713271	-0.69364506	-0.86935306	0.19658013	1.7335366	-0.19927357	-2.907816	-1.0107086	1.6353047	-0.4702679	-1.050401	-1.9723375	-1.6209451	-1.4893934	0.4218865	1.3404725	3.3506536	-0.39969635	2.3358877	0.8451757	1.6871395	0.21762024	3.101698	0.0073730946	-0.4452244	-0.741333	4.383662	-0.051196277	0.50180733	0.89181745	-0.013195723	0.23358479	1.9073457	0.5055709	-1.4110085	3.2958956	-0.6159231	0.029375672	-0.35245612	-0.5986037	2.1444387	0.7136889	1.4275761	1.8207991	-0.5009946	1.5472198	0.07550466	-0.33065093	0.25924516	-1.0051627	-0.71963763	0.23884541	1.1288224	1.9486852	1.3032123	-0.5043735
PMPS23_C_408hpi_root_371	-1.6879935	0.9192834	3.1192508	-0.280793	1.1233282	1.6698331	1.0827426	0.9121375	1.8443562	0.38960224	-2.1143858	-1.2870399	1.6641432	-1.2633003	-1.0712507	0.6955679	0.3653418	0.8876305	-0.8400855	-0.70033985	0.32444283	-0.95791113	0.14635026	0.3464604	0.50105023	0.4160389	-1.2149984	-0.46511936	1.5030177	-0.33210248	-1.8699336	0.2554356	0.4505879	3.958402	1.5202357	-1.0544479	-0.001873374	-1.8645954	0.6116245	1.557195	1.9118172	-0.42952	3.1284509	0.14886808	-0.5502493	-0.5270196	1.7345021	-0.46694696	0.4466228	0.92622423	1.2831608	0.19196987	1.8226991	0.4673904	0.56867164	-0.12582758	1.0549164	-0.69262266	0.73375046	0.5082999	-0.19504486	0.92622364	-2.152537	-1.1735045	4.156567	0.89166516	3.2939522	-0.80068636	0.326616	2.1784244	0.02674377	-0.32261083	-1.0998998	-0.18632936	-1.1773574	0.251578	0.36861682	0.6444138	-1.8508185	1.1321393
PMPS23_C_408hpi_root_372	-1.0250864	-2.525177	1.9717015	-0.66186184	0.6481973	-0.07377362	0.9464506	0.39661983	0.7169797	-1.5754141	-0.4655857	-1.9493325	1.1245878	0.50975376	0.09590125	1.5919495	-0.21387313	0.5361823	-0.7069921	-0.5159752	-0.32708725	-1.7119553	1.1975813	0.6502602	1.7786614	-0.4719547	-0.5664859	0.24962117	-1.8643775	0.40566516	-2.2079346	-0.24607107	0.6347523	0.6716061	1.8489894	-2.4846091	-0.99491185	0.020825386	1.1547174	0.9399042	0.65220094	-0.3438666	0.54407585	1.9174597	-0.9960589	-0.9892522	1.2916459	1.6172781	2.4112694	0.36526877	1.3851267	-0.077872634	-1.4976902	0.5110108	-0.815302	-0.73110354	0.4369768	0.02143301	-1.3222638	-0.30797058	-1.0245273	-0.5368172	0.81454897	-1.2492642	2.08262	0.118455976	-1.0080416	0.5287826	0.6691445	1.5573195	-2.239948	-0.41546088	-1.3419895	-0.9960806	-1.124213	-0.4934773	-0.69160724	1.0744193	0.021513283	0.8481071
